,char,int,double,float,void,;,identifier,=,",",number,(,),+,-,*,/,%,^,&,<,>,!=,==,<=,>=,{,},print,scanf,continue,break,return,if,else,while,for,#,,sstart,start,external_declaration,type_specifier,declaration,declaration_parameter,declaration_parameter_assign,declaration_parameter_suffix,primary_expression,operator,assignment_operator,assignment_expression,assignment_expression_list_suffix,assignment_expression_list,expression,constant_expression,arithmetic_expression,function_expression,expression_list_suffix,expression_list,function_definition,function_parameter_list,function_parameter_list_suffix,function_parameter,compound_statement,statement_list,statement,expression_statement,jump_statement,selection_statement,iteration_statement
0,"('S', 5)","('S', 6)","('S', 7)","('S', 8)","('S', 9)",,,,,,,,,,,,,,,,,,,,,,,,,,,,,,,,"('r', 2)",,,"('G', 1)","('G', 2)","('G', 4)","('G', 3)",,,,,,,,,,,,,,,,"('G', 10)",,,,,,,,,,
1,,,,,,,,,,,,,,,,,,,,,,,,,,,,,,,,,,,,,"('acc',)",,,,,,,,,,,,,,,,,,,,,,,,,,,,,,,,
2,"('S', 5)","('S', 6)","('S', 7)","('S', 8)","('S', 9)",,,,,,,,,,,,,,,,,,,,,,,,,,,,,,,,"('r', 2)",,,"('G', 11)","('G', 2)","('G', 4)","('G', 3)",,,,,,,,,,,,,,,,"('G', 10)",,,,,,,,,,
3,"('r', 3)","('r', 3)","('r', 3)","('r', 3)","('r', 3)",,"('r', 3)",,,,,,,,,,,,,,,,,,,,,,,,,,,,,,"('r', 3)",,,,,,,,,,,,,,,,,,,,,,,,,,,,,,,,
4,,,,,,,"('S', 13)",,,,,,,,,,,,,,,,,,,,,,,,,,,,,,,,,,,,,"('G', 12)",,,,,,,,,,,,,,,,,,,,,,,,,
5,,,,,,,"('r', 5)",,,,,,,,,,,,,,,,,,,,,,,,,,,,,,,,,,,,,,,,,,,,,,,,,,,,,,,,,,,,,,
6,,,,,,,"('r', 6)",,,,,,,,,,,,,,,,,,,,,,,,,,,,,,,,,,,,,,,,,,,,,,,,,,,,,,,,,,,,,,
7,,,,,,,"('r', 7)",,,,,,,,,,,,,,,,,,,,,,,,,,,,,,,,,,,,,,,,,,,,,,,,,,,,,,,,,,,,,,
8,,,,,,,"('r', 8)",,,,,,,,,,,,,,,,,,,,,,,,,,,,,,,,,,,,,,,,,,,,,,,,,,,,,,,,,,,,,,
9,,,,,,,"('r', 9)",,,,,,,,,,,,,,,,,,,,,,,,,,,,,,,,,,,,,,,,,,,,,,,,,,,,,,,,,,,,,,
10,"('r', 4)","('r', 4)","('r', 4)","('r', 4)","('r', 4)",,"('r', 4)",,,,,,,,,,,,,,,,,,,,,,,,,,,,,,"('r', 4)",,,,,,,,,,,,,,,,,,,,,,,,,,,,,,,,
11,,,,,,,,,,,,,,,,,,,,,,,,,,,,,,,,,,,,,"('r', 1)",,,,,,,,,,,,,,,,,,,,,,,,,,,,,,,,
12,,,,,,"('r', 15)",,,"('S', 15)",,,,,,,,,,,,,,,,,,,,,,,,,,,,,,,,,,,,,"('G', 14)",,,,,,,,,,,,,,,,,,,,,,,
13,,,,,,"('r', 13)",,"('S', 17)","('r', 13)",,"('S', 18)",,,,,,,,,,,,,,,,,,,,,,,,,,,,,,,,,,"('G', 16)",,,,,,,,,,,,,,,,,,,,,,,,
14,,,,,,"('S', 19)",,,,,,,,,,,,,,,,,,,,,,,,,,,,,,,,,,,,,,,,,,,,,,,,,,,,,,,,,,,,,,,
15,,,,,,,"('S', 21)",,,,,,,,,,,,,,,,,,,,,,,,,,,,,,,,,,,,,"('G', 20)",,,,,,,,,,,,,,,,,,,,,,,,,
16,,,,,,"('r', 11)",,,"('r', 11)",,,,,,,,,,,,,,,,,,,,,,,,,,,,,,,,,,,,,,,,,,,,,,,,,,,,,,,,,,,,
17,,,,,,,"('S', 25)",,,"('S', 26)","('S', 27)",,,,,,,,,,,,,,,,,,,,,,,,,,,,,,,,,,,,"('G', 24)",,,,,,"('G', 22)","('G', 23)",,"('G', 28)",,,,,,,,,,,,,
18,"('S', 5)","('S', 6)","('S', 7)","('S', 8)","('S', 32)",,,,,,,"('r', 57)",,,,,,,,,,,,,,,,,,,,,,,,,,,,,,"('G', 31)",,,,,,,,,,,,,,,,,,"('G', 29)",,"('G', 30)",,,,,,,
19,"('r', 10)","('r', 10)","('r', 10)","('r', 10)","('r', 10)",,"('r', 10)",,,,,,,,,,,,,,,,,,,,,,,,,,,,,,"('r', 10)",,,,,,,,,,,,,,,,,,,,,,,,,,,,,,,,
20,,,,,,"('r', 15)",,,"('S', 15)",,,,,,,,,,,,,,,,,,,,,,,,,,,,,,,,,,,,,"('G', 33)",,,,,,,,,,,,,,,,,,,,,,,
21,,,,,,"('r', 13)",,"('S', 17)","('r', 13)",,,,,,,,,,,,,,,,,,,,,,,,,,,,,,,,,,,,"('G', 16)",,,,,,,,,,,,,,,,,,,,,,,,
22,,,,,,"('r', 12)",,,"('r', 12)",,,,,,,,,,,,,,,,,,,,,,,,,,,,,,,,,,,,,,,,,,,,,,,,,,,,,,,,,,,,
23,,,,,,"('r', 45)",,,"('r', 45)",,,,,,,,,,,,,,,,,,,,,,,,,,,,,,,,,,,,,,,,,,,,,,,,,,,,,,,,,,,,
24,,,,,,"('r', 49)",,,"('r', 49)",,,,"('S', 36)","('S', 37)","('S', 38)","('S', 39)","('S', 40)","('S', 41)","('S', 42)","('S', 43)","('S', 44)","('S', 45)","('S', 46)","('S', 47)","('S', 48)",,,,,,,,,,,,,,,,,,,,,,,"('G', 35)",,,,,,,"('G', 34)",,,,,,,,,,,,,,
25,,,,,,"('r', 16)",,,"('r', 16)",,"('S', 49)",,"('r', 16)","('r', 16)","('r', 16)","('r', 16)","('r', 16)","('r', 16)","('r', 16)","('r', 16)","('r', 16)","('r', 16)","('r', 16)","('r', 16)","('r', 16)",,,,,,,,,,,,,,,,,,,,,,,,,,,,,,,,,,,,,,,,,,,,
26,,,,,,"('r', 17)",,,"('r', 17)",,,,"('r', 17)","('r', 17)","('r', 17)","('r', 17)","('r', 17)","('r', 17)","('r', 17)","('r', 17)","('r', 17)","('r', 17)","('r', 17)","('r', 17)","('r', 17)",,,,,,,,,,,,,,,,,,,,,,,,,,,,,,,,,,,,,,,,,,,,
27,,,,,,,"('S', 53)",,,"('S', 54)","('S', 55)",,,,,,,,,,,,,,,,,,,,,,,,,,,,,,,,,,,,"('G', 52)",,,,,,"('G', 50)","('G', 51)",,"('G', 56)",,,,,,,,,,,,,
28,,,,,,"('r', 46)",,,"('r', 46)",,,,,,,,,,,,,,,,,,,,,,,,,,,,,,,,,,,,,,,,,,,,,,,,,,,,,,,,,,,,
29,,,,,,,,,,,,"('S', 57)",,,,,,,,,,,,,,,,,,,,,,,,,,,,,,,,,,,,,,,,,,,,,,,,,,,,,,,,,
30,,,,,"('S', 60)",,,,"('S', 59)",,,"('r', 60)",,,,,,,,,,,,,,,,,,,,,,,,,,,,,,,,,,,,,,,,,,,,,,,,,"('G', 58)",,,,,,,,
31,,,,,,,"('S', 61)",,,,,,,,,,,,,,,,,,,,,,,,,,,,,,,,,,,,,,,,,,,,,,,,,,,,,,,,,,,,,,
32,,,,,,,"('r', 9)",,,,,"('r', 58)",,,,,,,,,,,,,,,,,,,,,,,,,,,,,,,,,,,,,,,,,,,,,,,,,,,,,,,,,
33,,,,,,"('r', 14)",,,,,,,,,,,,,,,,,,,,,,,,,,,,,,,,,,,,,,,,,,,,,,,,,,,,,,,,,,,,,,,
34,,,,,,"('r', 47)",,,"('r', 47)",,,,,,,,,,,,,,,,,,,,,,,,,,,,,,,,,,,,,,,,,,,,,,,,,,,,,,,,,,,,
35,,,,,,,"('S', 63)",,,"('S', 26)","('S', 27)",,,,,,,,,,,,,,,,,,,,,,,,,,,,,,,,,,,,"('G', 62)",,,,,,,,,,,,,,,,,,,,,,
36,,,,,,,"('r', 19)",,,"('r', 19)","('r', 19)",,,,,,,,,,,,,,,,,,,,,,,,,,,,,,,,,,,,,,,,,,,,,,,,,,,,,,,,,,
37,,,,,,,"('r', 20)",,,"('r', 20)","('r', 20)",,,,,,,,,,,,,,,,,,,,,,,,,,,,,,,,,,,,,,,,,,,,,,,,,,,,,,,,,,
38,,,,,,,"('r', 21)",,,"('r', 21)","('r', 21)",,,,,,,,,,,,,,,,,,,,,,,,,,,,,,,,,,,,,,,,,,,,,,,,,,,,,,,,,,
39,,,,,,,"('r', 22)",,,"('r', 22)","('r', 22)",,,,,,,,,,,,,,,,,,,,,,,,,,,,,,,,,,,,,,,,,,,,,,,,,,,,,,,,,,
40,,,,,,,"('r', 23)",,,"('r', 23)","('r', 23)",,,,,,,,,,,,,,,,,,,,,,,,,,,,,,,,,,,,,,,,,,,,,,,,,,,,,,,,,,
41,,,,,,,"('r', 24)",,,"('r', 24)","('r', 24)",,,,,,,,,,,,,,,,,,,,,,,,,,,,,,,,,,,,,,,,,,,,,,,,,,,,,,,,,,
42,,,,,,,"('r', 25)",,,"('r', 25)","('r', 25)",,,,,,,,,,,,,,,,,,,,,,,,,,,,,,,,,,,,,,,,,,,,,,,,,,,,,,,,,,
43,,,,,,,"('r', 26)",,,"('r', 26)","('r', 26)",,,,,,,,,,,,,,,,,,,,,,,,,,,,,,,,,,,,,,,,,,,,,,,,,,,,,,,,,,
44,,,,,,,"('r', 27)",,,"('r', 27)","('r', 27)",,,,,,,,,,,,,,,,,,,,,,,,,,,,,,,,,,,,,,,,,,,,,,,,,,,,,,,,,,
45,,,,,,,"('r', 28)",,,"('r', 28)","('r', 28)",,,,,,,,,,,,,,,,,,,,,,,,,,,,,,,,,,,,,,,,,,,,,,,,,,,,,,,,,,
46,,,,,,,"('r', 29)",,,"('r', 29)","('r', 29)",,,,,,,,,,,,,,,,,,,,,,,,,,,,,,,,,,,,,,,,,,,,,,,,,,,,,,,,,,
47,,,,,,,"('r', 30)",,,"('r', 30)","('r', 30)",,,,,,,,,,,,,,,,,,,,,,,,,,,,,,,,,,,,,,,,,,,,,,,,,,,,,,,,,,
48,,,,,,,"('r', 31)",,,"('r', 31)","('r', 31)",,,,,,,,,,,,,,,,,,,,,,,,,,,,,,,,,,,,,,,,,,,,,,,,,,,,,,,,,,
49,,,,,,,"('S', 68)",,,"('S', 69)","('S', 70)","('r', 54)",,,,,,,,,,,,,,,,,,,,,,,,,,,,,,,,,,,"('G', 67)",,,,,,"('G', 65)","('G', 66)",,"('G', 71)",,"('G', 64)",,,,,,,,,,,
50,,,,,,,,,,,,"('S', 72)",,,,,,,,,,,,,,,,,,,,,,,,,,,,,,,,,,,,,,,,,,,,,,,,,,,,,,,,,
51,,,,,,,,,,,,"('r', 45)",,,,,,,,,,,,,,,,,,,,,,,,,,,,,,,,,,,,,,,,,,,,,,,,,,,,,,,,,
52,,,,,,,,,,,,"('r', 49)","('S', 36)","('S', 37)","('S', 38)","('S', 39)","('S', 40)","('S', 41)","('S', 42)","('S', 43)","('S', 44)","('S', 45)","('S', 46)","('S', 47)","('S', 48)",,,,,,,,,,,,,,,,,,,,,,,"('G', 74)",,,,,,,"('G', 73)",,,,,,,,,,,,,,
53,,,,,,,,,,,"('S', 75)","('r', 16)","('r', 16)","('r', 16)","('r', 16)","('r', 16)","('r', 16)","('r', 16)","('r', 16)","('r', 16)","('r', 16)","('r', 16)","('r', 16)","('r', 16)","('r', 16)",,,,,,,,,,,,,,,,,,,,,,,,,,,,,,,,,,,,,,,,,,,,
54,,,,,,,,,,,,"('r', 17)","('r', 17)","('r', 17)","('r', 17)","('r', 17)","('r', 17)","('r', 17)","('r', 17)","('r', 17)","('r', 17)","('r', 17)","('r', 17)","('r', 17)","('r', 17)",,,,,,,,,,,,,,,,,,,,,,,,,,,,,,,,,,,,,,,,,,,,
55,,,,,,,"('S', 53)",,,"('S', 54)","('S', 55)",,,,,,,,,,,,,,,,,,,,,,,,,,,,,,,,,,,,"('G', 52)",,,,,,"('G', 76)","('G', 51)",,"('G', 56)",,,,,,,,,,,,,
56,,,,,,,,,,,,"('r', 46)",,,,,,,,,,,,,,,,,,,,,,,,,,,,,,,,,,,,,,,,,,,,,,,,,,,,,,,,,
57,,,,,,,,,,,,,,,,,,,,,,,,,,"('S', 78)",,,,,,,,,,,,,,,,,,,,,,,,,,,,,,,,,,,,,"('G', 77)",,,,,,
58,,,,,,,,,,,,"('r', 56)",,,,,,,,,,,,,,,,,,,,,,,,,,,,,,,,,,,,,,,,,,,,,,,,,,,,,,,,,
59,"('S', 5)","('S', 6)","('S', 7)","('S', 8)","('S', 9)",,,,,,,,,,,,,,,,,,,,,,,,,,,,,,,,,,,,,"('G', 31)",,,,,,,,,,,,,,,,,,,,"('G', 79)",,,,,,,
60,,,,,,,,,,,,"('r', 61)",,,,,,,,,,,,,,,,,,,,,,,,,,,,,,,,,,,,,,,,,,,,,,,,,,,,,,,,,
61,,,,,"('r', 62)",,,,"('r', 62)",,,"('r', 62)",,,,,,,,,,,,,,,,,,,,,,,,,,,,,,,,,,,,,,,,,,,,,,,,,,,,,,,,,
62,,,,,,"('r', 49)",,,"('r', 49)",,,,"('S', 36)","('S', 37)","('S', 38)","('S', 39)","('S', 40)","('S', 41)","('S', 42)","('S', 43)","('S', 44)","('S', 45)","('S', 46)","('S', 47)","('S', 48)",,,,,,,,,,,,,,,,,,,,,,,"('G', 35)",,,,,,,"('G', 80)",,,,,,,,,,,,,,
63,,,,,,"('r', 16)",,,"('r', 16)",,,,"('r', 16)","('r', 16)","('r', 16)","('r', 16)","('r', 16)","('r', 16)","('r', 16)","('r', 16)","('r', 16)","('r', 16)","('r', 16)","('r', 16)","('r', 16)",,,,,,,,,,,,,,,,,,,,,,,,,,,,,,,,,,,,,,,,,,,,
64,,,,,,,,,,,,"('S', 81)",,,,,,,,,,,,,,,,,,,,,,,,,,,,,,,,,,,,,,,,,,,,,,,,,,,,,,,,,
65,,,,,,,,,"('S', 83)",,,"('r', 52)",,,,,,,,,,,,,,,,,,,,,,,,,,,,,,,,,,,,,,,,,,,,,"('G', 82)",,,,,,,,,,,,
66,,,,,,,,,"('r', 45)",,,"('r', 45)",,,,,,,,,,,,,,,,,,,,,,,,,,,,,,,,,,,,,,,,,,,,,,,,,,,,,,,,,
67,,,,,,,,,"('r', 49)",,,"('r', 49)","('S', 36)","('S', 37)","('S', 38)","('S', 39)","('S', 40)","('S', 41)","('S', 42)","('S', 43)","('S', 44)","('S', 45)","('S', 46)","('S', 47)","('S', 48)",,,,,,,,,,,,,,,,,,,,,,,"('G', 85)",,,,,,,"('G', 84)",,,,,,,,,,,,,,
68,,,,,,,,,"('r', 16)",,"('S', 86)","('r', 16)","('r', 16)","('r', 16)","('r', 16)","('r', 16)","('r', 16)","('r', 16)","('r', 16)","('r', 16)","('r', 16)","('r', 16)","('r', 16)","('r', 16)","('r', 16)",,,,,,,,,,,,,,,,,,,,,,,,,,,,,,,,,,,,,,,,,,,,
69,,,,,,,,,"('r', 17)",,,"('r', 17)","('r', 17)","('r', 17)","('r', 17)","('r', 17)","('r', 17)","('r', 17)","('r', 17)","('r', 17)","('r', 17)","('r', 17)","('r', 17)","('r', 17)","('r', 17)",,,,,,,,,,,,,,,,,,,,,,,,,,,,,,,,,,,,,,,,,,,,
70,,,,,,,"('S', 53)",,,"('S', 54)","('S', 55)",,,,,,,,,,,,,,,,,,,,,,,,,,,,,,,,,,,,"('G', 52)",,,,,,"('G', 87)","('G', 51)",,"('G', 56)",,,,,,,,,,,,,
71,,,,,,,,,"('r', 46)",,,"('r', 46)",,,,,,,,,,,,,,,,,,,,,,,,,,,,,,,,,,,,,,,,,,,,,,,,,,,,,,,,,
72,,,,,,"('r', 18)",,,"('r', 18)",,,,"('r', 18)","('r', 18)","('r', 18)","('r', 18)","('r', 18)","('r', 18)","('r', 18)","('r', 18)","('r', 18)","('r', 18)","('r', 18)","('r', 18)","('r', 18)",,,,,,,,,,,,,,,,,,,,,,,,,,,,,,,,,,,,,,,,,,,,
73,,,,,,,,,,,,"('r', 47)",,,,,,,,,,,,,,,,,,,,,,,,,,,,,,,,,,,,,,,,,,,,,,,,,,,,,,,,,
74,,,,,,,"('S', 89)",,,"('S', 54)","('S', 55)",,,,,,,,,,,,,,,,,,,,,,,,,,,,,,,,,,,,"('G', 88)",,,,,,,,,,,,,,,,,,,,,,
75,,,,,,,"('S', 68)",,,"('S', 69)","('S', 70)","('r', 54)",,,,,,,,,,,,,,,,,,,,,,,,,,,,,,,,,,,"('G', 67)",,,,,,"('G', 65)","('G', 66)",,"('G', 71)",,"('G', 90)",,,,,,,,,,,
76,,,,,,,,,,,,"('S', 91)",,,,,,,,,,,,,,,,,,,,,,,,,,,,,,,,,,,,,,,,,,,,,,,,,,,,,,,,,
77,"('r', 55)","('r', 55)","('r', 55)","('r', 55)","('r', 55)",,"('r', 55)",,,,,,,,,,,,,,,,,,,,,,,,,,,,,,"('r', 55)",,,,,,,,,,,,,,,,,,,,,,,,,,,,,,,,
78,"('S', 5)","('S', 6)","('S', 7)","('S', 8)","('S', 9)","('r', 44)","('S', 97)",,,,,,,,,,,,,,,,,,,"('S', 110)","('r', 65)","('S', 98)","('S', 99)","('S', 101)","('S', 102)","('S', 103)","('S', 105)",,"('S', 107)","('S', 108)",,,,,,"('G', 112)","('G', 111)",,,,,,,"('G', 96)",,"('G', 95)",,,,,,,,,,,"('G', 109)","('G', 92)","('G', 93)","('G', 94)","('G', 100)","('G', 104)","('G', 106)"
79,,,,,"('S', 60)",,,,"('S', 59)",,,"('r', 60)",,,,,,,,,,,,,,,,,,,,,,,,,,,,,,,,,,,,,,,,,,,,,,,,,"('G', 113)",,,,,,,,
80,,,,,,"('r', 48)",,,"('r', 48)",,,,,,,,,,,,,,,,,,,,,,,,,,,,,,,,,,,,,,,,,,,,,,,,,,,,,,,,,,,,
81,,,,,,"('r', 50)",,,"('r', 50)",,,,,,,,,,,,,,,,,,,,,,,,,,,,,,,,,,,,,,,,,,,,,,,,,,,,,,,,,,,,
82,,,,,,,,,,,,"('r', 53)",,,,,,,,,,,,,,,,,,,,,,,,,,,,,,,,,,,,,,,,,,,,,,,,,,,,,,,,,
83,,,,,,,"('S', 68)",,,"('S', 69)","('S', 70)",,,,,,,,,,,,,,,,,,,,,,,,,,,,,,,,,,,,"('G', 67)",,,,,,"('G', 114)","('G', 66)",,"('G', 71)",,,,,,,,,,,,,
84,,,,,,,,,"('r', 47)",,,"('r', 47)",,,,,,,,,,,,,,,,,,,,,,,,,,,,,,,,,,,,,,,,,,,,,,,,,,,,,,,,,
85,,,,,,,"('S', 116)",,,"('S', 69)","('S', 70)",,,,,,,,,,,,,,,,,,,,,,,,,,,,,,,,,,,,"('G', 115)",,,,,,,,,,,,,,,,,,,,,,
86,,,,,,,"('S', 68)",,,"('S', 69)","('S', 70)","('r', 54)",,,,,,,,,,,,,,,,,,,,,,,,,,,,,,,,,,,"('G', 67)",,,,,,"('G', 65)","('G', 66)",,"('G', 71)",,"('G', 117)",,,,,,,,,,,
87,,,,,,,,,,,,"('S', 118)",,,,,,,,,,,,,,,,,,,,,,,,,,,,,,,,,,,,,,,,,,,,,,,,,,,,,,,,,
88,,,,,,,,,,,,"('r', 49)","('S', 36)","('S', 37)","('S', 38)","('S', 39)","('S', 40)","('S', 41)","('S', 42)","('S', 43)","('S', 44)","('S', 45)","('S', 46)","('S', 47)","('S', 48)",,,,,,,,,,,,,,,,,,,,,,,"('G', 74)",,,,,,,"('G', 119)",,,,,,,,,,,,,,
89,,,,,,,,,,,,"('r', 16)","('r', 16)","('r', 16)","('r', 16)","('r', 16)","('r', 16)","('r', 16)","('r', 16)","('r', 16)","('r', 16)","('r', 16)","('r', 16)","('r', 16)","('r', 16)",,,,,,,,,,,,,,,,,,,,,,,,,,,,,,,,,,,,,,,,,,,,
90,,,,,,,,,,,,"('S', 120)",,,,,,,,,,,,,,,,,,,,,,,,,,,,,,,,,,,,,,,,,,,,,,,,,,,,,,,,,
91,,,,,,,,,,,,"('r', 18)","('r', 18)","('r', 18)","('r', 18)","('r', 18)","('r', 18)","('r', 18)","('r', 18)","('r', 18)","('r', 18)","('r', 18)","('r', 18)","('r', 18)","('r', 18)",,,,,,,,,,,,,,,,,,,,,,,,,,,,,,,,,,,,,,,,,,,,
92,,,,,,,,,,,,,,,,,,,,,,,,,,,"('S', 121)",,,,,,,,,,,,,,,,,,,,,,,,,,,,,,,,,,,,,,,,,,
93,"('S', 5)","('S', 6)","('S', 7)","('S', 8)","('S', 9)","('r', 44)","('S', 97)",,,,,,,,,,,,,,,,,,,"('S', 110)","('r', 65)","('S', 98)","('S', 99)","('S', 101)","('S', 102)","('S', 103)","('S', 105)",,"('S', 107)","('S', 108)",,,,,,"('G', 112)","('G', 111)",,,,,,,"('G', 96)",,"('G', 95)",,,,,,,,,,,"('G', 109)","('G', 122)","('G', 93)","('G', 94)","('G', 100)","('G', 104)","('G', 106)"
94,"('r', 66)","('r', 66)","('r', 66)","('r', 66)","('r', 66)","('r', 66)","('r', 66)",,,,,,,,,,,,,,,,,,,"('r', 66)","('r', 66)","('r', 66)","('r', 66)","('r', 66)","('r', 66)","('r', 66)","('r', 66)",,"('r', 66)","('r', 66)",,,,,,,,,,,,,,,,,,,,,,,,,,,,,,,,,
95,,,,,,"('S', 123)",,,,,,,,,,,,,,,,,,,,,,,,,,,,,,,,,,,,,,,,,,,,,,,,,,,,,,,,,,,,,,,
96,,,,,,"('r', 42)",,,"('S', 125)",,,,,,,,,,,,,,,,,,,,,,,,,,,,,,,,,,,,,,,,,,"('G', 124)",,,,,,,,,,,,,,,,,,
97,,,,,,,,"('S', 127)",,,,,"('S', 128)","('S', 129)","('S', 130)","('S', 131)","('S', 132)","('S', 133)","('S', 134)",,,,,,,,,,,,,,,,,,,,,,,,,,,,,,"('G', 126)",,,,,,,,,,,,,,,,,,,,
98,,,,,,,,,,,"('S', 135)",,,,,,,,,,,,,,,,,,,,,,,,,,,,,,,,,,,,,,,,,,,,,,,,,,,,,,,,,,
99,,,,,,,,,,,"('S', 136)",,,,,,,,,,,,,,,,,,,,,,,,,,,,,,,,,,,,,,,,,,,,,,,,,,,,,,,,,,
100,"('r', 67)","('r', 67)","('r', 67)","('r', 67)","('r', 67)","('r', 67)","('r', 67)",,,,,,,,,,,,,,,,,,,"('r', 67)","('r', 67)","('r', 67)","('r', 67)","('r', 67)","('r', 67)","('r', 67)","('r', 67)",,"('r', 67)","('r', 67)",,,,,,,,,,,,,,,,,,,,,,,,,,,,,,,,,
101,,,,,,"('S', 137)",,,,,,,,,,,,,,,,,,,,,,,,,,,,,,,,,,,,,,,,,,,,,,,,,,,,,,,,,,,,,,,
102,,,,,,"('S', 138)",,,,,,,,,,,,,,,,,,,,,,,,,,,,,,,,,,,,,,,,,,,,,,,,,,,,,,,,,,,,,,,
103,,,,,,"('S', 146)","('S', 142)",,,"('S', 143)","('S', 144)",,,,,,,,,,,,,,,,,,,,,,,,,,,,,,,,,,,,"('G', 141)",,,,,,"('G', 139)","('G', 140)",,"('G', 145)",,,,,,,,,,,,,
104,"('r', 68)","('r', 68)","('r', 68)","('r', 68)","('r', 68)","('r', 68)","('r', 68)",,,,,,,,,,,,,,,,,,,"('r', 68)","('r', 68)","('r', 68)","('r', 68)","('r', 68)","('r', 68)","('r', 68)","('r', 68)",,"('r', 68)","('r', 68)",,,,,,,,,,,,,,,,,,,,,,,,,,,,,,,,,
105,,,,,,,,,,,"('S', 147)",,,,,,,,,,,,,,,,,,,,,,,,,,,,,,,,,,,,,,,,,,,,,,,,,,,,,,,,,,
106,"('r', 69)","('r', 69)","('r', 69)","('r', 69)","('r', 69)","('r', 69)","('r', 69)",,,,,,,,,,,,,,,,,,,"('r', 69)","('r', 69)","('r', 69)","('r', 69)","('r', 69)","('r', 69)","('r', 69)","('r', 69)",,"('r', 69)","('r', 69)",,,,,,,,,,,,,,,,,,,,,,,,,,,,,,,,,
107,,,,,,,,,,,"('S', 148)",,,,,,,,,,,,,,,,,,,,,,,,,,,,,,,,,,,,,,,,,,,,,,,,,,,,,,,,,,
108,,,,,,,,,,,"('S', 149)",,,,,,,,,,,,,,,,,,,,,,,,,,,,,,,,,,,,,,,,,,,,,,,,,,,,,,,,,,
109,"('r', 70)","('r', 70)","('r', 70)","('r', 70)","('r', 70)","('r', 70)","('r', 70)",,,,,,,,,,,,,,,,,,,"('r', 70)","('r', 70)","('r', 70)","('r', 70)","('r', 70)","('r', 70)","('r', 70)","('r', 70)",,"('r', 70)","('r', 70)",,,,,,,,,,,,,,,,,,,,,,,,,,,,,,,,,
110,"('S', 5)","('S', 6)","('S', 7)","('S', 8)","('S', 9)","('r', 44)","('S', 97)",,,,,,,,,,,,,,,,,,,"('S', 110)","('r', 65)","('S', 98)","('S', 99)","('S', 101)","('S', 102)","('S', 103)","('S', 105)",,"('S', 107)","('S', 108)",,,,,,"('G', 112)","('G', 111)",,,,,,,"('G', 96)",,"('G', 95)",,,,,,,,,,,"('G', 109)","('G', 150)","('G', 93)","('G', 94)","('G', 100)","('G', 104)","('G', 106)"
111,"('r', 71)","('r', 71)","('r', 71)","('r', 71)","('r', 71)","('r', 71)","('r', 71)",,,,,,,,,,,,,,,,,,,"('r', 71)","('r', 71)","('r', 71)","('r', 71)","('r', 71)","('r', 71)","('r', 71)","('r', 71)",,"('r', 71)","('r', 71)",,,,,,,,,,,,,,,,,,,,,,,,,,,,,,,,,
112,,,,,,,"('S', 21)",,,,,,,,,,,,,,,,,,,,,,,,,,,,,,,,,,,,,"('G', 151)",,,,,,,,,,,,,,,,,,,,,,,,,
113,,,,,,,,,,,,"('r', 59)",,,,,,,,,,,,,,,,,,,,,,,,,,,,,,,,,,,,,,,,,,,,,,,,,,,,,,,,,
114,,,,,,,,,"('S', 83)",,,"('r', 52)",,,,,,,,,,,,,,,,,,,,,,,,,,,,,,,,,,,,,,,,,,,,,"('G', 152)",,,,,,,,,,,,
115,,,,,,,,,"('r', 49)",,,"('r', 49)","('S', 36)","('S', 37)","('S', 38)","('S', 39)","('S', 40)","('S', 41)","('S', 42)","('S', 43)","('S', 44)","('S', 45)","('S', 46)","('S', 47)","('S', 48)",,,,,,,,,,,,,,,,,,,,,,,"('G', 85)",,,,,,,"('G', 153)",,,,,,,,,,,,,,
116,,,,,,,,,"('r', 16)",,,"('r', 16)","('r', 16)","('r', 16)","('r', 16)","('r', 16)","('r', 16)","('r', 16)","('r', 16)","('r', 16)","('r', 16)","('r', 16)","('r', 16)","('r', 16)","('r', 16)",,,,,,,,,,,,,,,,,,,,,,,,,,,,,,,,,,,,,,,,,,,,
117,,,,,,,,,,,,"('S', 154)",,,,,,,,,,,,,,,,,,,,,,,,,,,,,,,,,,,,,,,,,,,,,,,,,,,,,,,,,
118,,,,,,,,,"('r', 18)",,,"('r', 18)","('r', 18)","('r', 18)","('r', 18)","('r', 18)","('r', 18)","('r', 18)","('r', 18)","('r', 18)","('r', 18)","('r', 18)","('r', 18)","('r', 18)","('r', 18)",,,,,,,,,,,,,,,,,,,,,,,,,,,,,,,,,,,,,,,,,,,,
119,,,,,,,,,,,,"('r', 48)",,,,,,,,,,,,,,,,,,,,,,,,,,,,,,,,,,,,,,,,,,,,,,,,,,,,,,,,,
120,,,,,,,,,,,,"('r', 50)",,,,,,,,,,,,,,,,,,,,,,,,,,,,,,,,,,,,,,,,,,,,,,,,,,,,,,,,,
121,"('r', 63)","('r', 63)","('r', 63)","('r', 63)","('r', 63)",,"('r', 63)",,,,,,,,,,,,,,,,,,,,,,,,,,,,,,"('r', 63)",,,,,,,,,,,,,,,,,,,,,,,,,,,,,,,,
122,,,,,,,,,,,,,,,,,,,,,,,,,,,"('r', 64)",,,,,,,,,,,,,,,,,,,,,,,,,,,,,,,,,,,,,,,,,,
123,"('r', 72)","('r', 72)","('r', 72)","('r', 72)","('r', 72)","('r', 72)","('r', 72)",,,,,,,,,,,,,,,,,,,"('r', 72)","('r', 72)","('r', 72)","('r', 72)","('r', 72)","('r', 72)","('r', 72)","('r', 72)",,"('r', 72)","('r', 72)",,,,,,,,,,,,,,,,,,,,,,,,,,,,,,,,,
124,,,,,,"('r', 43)",,,,,,,,,,,,,,,,,,,,,,,,,,,,,,,,,,,,,,,,,,,,,,,,,,,,,,,,,,,,,,,
125,,,,,,,"('S', 97)",,,,,,,,,,,,,,,,,,,,,,,,,,,,,,,,,,,,,,,,,,,"('G', 155)",,,,,,,,,,,,,,,,,,,
126,,,,,,,"('S', 25)",,,"('S', 26)","('S', 27)",,,,,,,,,,,,,,,,,,,,,,,,,,,,,,,,,,,,"('G', 24)",,,,,,"('G', 156)","('G', 23)",,"('G', 28)",,,,,,,,,,,,,
127,,,,,,,"('r', 32)",,,"('r', 32)","('r', 32)",,,,,,,,,,,,,,,,,,,,,,,,,,,,,,,,,,,,,,,,,,,,,,,,,,,,,,,,,,
128,,,,,,,,"('S', 157)",,,,,,,,,,,,,,,,,,,,,,,,,,,,,,,,,,,,,,,,,,,,,,,,,,,,,,,,,,,,,
129,,,,,,,,"('S', 158)",,,,,,,,,,,,,,,,,,,,,,,,,,,,,,,,,,,,,,,,,,,,,,,,,,,,,,,,,,,,,
130,,,,,,,,"('S', 159)",,,,,,,,,,,,,,,,,,,,,,,,,,,,,,,,,,,,,,,,,,,,,,,,,,,,,,,,,,,,,
131,,,,,,,,"('S', 160)",,,,,,,,,,,,,,,,,,,,,,,,,,,,,,,,,,,,,,,,,,,,,,,,,,,,,,,,,,,,,
132,,,,,,,,"('S', 161)",,,,,,,,,,,,,,,,,,,,,,,,,,,,,,,,,,,,,,,,,,,,,,,,,,,,,,,,,,,,,
133,,,,,,,,"('S', 162)",,,,,,,,,,,,,,,,,,,,,,,,,,,,,,,,,,,,,,,,,,,,,,,,,,,,,,,,,,,,,
134,,,,,,,,"('S', 163)",,,,,,,,,,,,,,,,,,,,,,,,,,,,,,,,,,,,,,,,,,,,,,,,,,,,,,,,,,,,,
135,,,,,,,"('S', 53)",,,"('S', 54)","('S', 55)",,,,,,,,,,,,,,,,,,,,,,,,,,,,,,,,,,,,"('G', 52)",,,,,,"('G', 164)","('G', 51)",,"('G', 56)",,,,,,,,,,,,,
136,,,,,,,"('S', 165)",,,,,,,,,,,,,,,,,,,,,,,,,,,,,,,,,,,,,,,,,,,,,,,,,,,,,,,,,,,,,,
137,"('r', 75)","('r', 75)","('r', 75)","('r', 75)","('r', 75)","('r', 75)","('r', 75)",,,,,,,,,,,,,,,,,,,"('r', 75)","('r', 75)","('r', 75)","('r', 75)","('r', 75)","('r', 75)","('r', 75)","('r', 75)",,"('r', 75)","('r', 75)",,,,,,,,,,,,,,,,,,,,,,,,,,,,,,,,,
138,"('r', 76)","('r', 76)","('r', 76)","('r', 76)","('r', 76)","('r', 76)","('r', 76)",,,,,,,,,,,,,,,,,,,"('r', 76)","('r', 76)","('r', 76)","('r', 76)","('r', 76)","('r', 76)","('r', 76)","('r', 76)",,"('r', 76)","('r', 76)",,,,,,,,,,,,,,,,,,,,,,,,,,,,,,,,,
139,,,,,,"('S', 166)",,,,,,,,,,,,,,,,,,,,,,,,,,,,,,,,,,,,,,,,,,,,,,,,,,,,,,,,,,,,,,,
140,,,,,,"('r', 45)",,,,,,,,,,,,,,,,,,,,,,,,,,,,,,,,,,,,,,,,,,,,,,,,,,,,,,,,,,,,,,,
141,,,,,,"('r', 49)",,,,,,,"('S', 36)","('S', 37)","('S', 38)","('S', 39)","('S', 40)","('S', 41)","('S', 42)","('S', 43)","('S', 44)","('S', 45)","('S', 46)","('S', 47)","('S', 48)",,,,,,,,,,,,,,,,,,,,,,,"('G', 168)",,,,,,,"('G', 167)",,,,,,,,,,,,,,
142,,,,,,"('r', 16)",,,,,"('S', 169)",,"('r', 16)","('r', 16)","('r', 16)","('r', 16)","('r', 16)","('r', 16)","('r', 16)","('r', 16)","('r', 16)","('r', 16)","('r', 16)","('r', 16)","('r', 16)",,,,,,,,,,,,,,,,,,,,,,,,,,,,,,,,,,,,,,,,,,,,
143,,,,,,"('r', 17)",,,,,,,"('r', 17)","('r', 17)","('r', 17)","('r', 17)","('r', 17)","('r', 17)","('r', 17)","('r', 17)","('r', 17)","('r', 17)","('r', 17)","('r', 17)","('r', 17)",,,,,,,,,,,,,,,,,,,,,,,,,,,,,,,,,,,,,,,,,,,,
144,,,,,,,"('S', 53)",,,"('S', 54)","('S', 55)",,,,,,,,,,,,,,,,,,,,,,,,,,,,,,,,,,,,"('G', 52)",,,,,,"('G', 170)","('G', 51)",,"('G', 56)",,,,,,,,,,,,,
145,,,,,,"('r', 46)",,,,,,,,,,,,,,,,,,,,,,,,,,,,,,,,,,,,,,,,,,,,,,,,,,,,,,,,,,,,,,,
146,"('r', 78)","('r', 78)","('r', 78)","('r', 78)","('r', 78)","('r', 78)","('r', 78)",,,,,,,,,,,,,,,,,,,"('r', 78)","('r', 78)","('r', 78)","('r', 78)","('r', 78)","('r', 78)","('r', 78)","('r', 78)",,"('r', 78)","('r', 78)",,,,,,,,,,,,,,,,,,,,,,,,,,,,,,,,,
147,,,,,,,"('S', 53)",,,"('S', 54)","('S', 55)",,,,,,,,,,,,,,,,,,,,,,,,,,,,,,,,,,,,"('G', 52)",,,,,,"('G', 171)","('G', 51)",,"('G', 56)",,,,,,,,,,,,,
148,,,,,,,"('S', 53)",,,"('S', 54)","('S', 55)",,,,,,,,,,,,,,,,,,,,,,,,,,,,,,,,,,,,"('G', 52)",,,,,,"('G', 172)","('G', 51)",,"('G', 56)",,,,,,,,,,,,,
149,"('S', 5)","('S', 6)","('S', 7)","('S', 8)","('S', 9)",,,,,,,,,,,,,,,,,,,,,,,,,,,,,,,,,,,,,"('G', 174)","('G', 173)",,,,,,,,,,,,,,,,,,,,,,,,,,
150,,,,,,,,,,,,,,,,,,,,,,,,,,,"('S', 175)",,,,,,,,,,,,,,,,,,,,,,,,,,,,,,,,,,,,,,,,,,
151,,,,,,"('r', 15)",,,"('S', 15)",,,,,,,,,,,,,,,,,,,,,,,,,,,,,,,,,,,,,"('G', 176)",,,,,,,,,,,,,,,,,,,,,,,
152,,,,,,,,,,,,"('r', 51)",,,,,,,,,,,,,,,,,,,,,,,,,,,,,,,,,,,,,,,,,,,,,,,,,,,,,,,,,
153,,,,,,,,,"('r', 48)",,,"('r', 48)",,,,,,,,,,,,,,,,,,,,,,,,,,,,,,,,,,,,,,,,,,,,,,,,,,,,,,,,,
154,,,,,,,,,"('r', 50)",,,"('r', 50)",,,,,,,,,,,,,,,,,,,,,,,,,,,,,,,,,,,,,,,,,,,,,,,,,,,,,,,,,
155,,,,,,"('r', 42)",,,"('S', 125)",,,,,,,,,,,,,,,,,,,,,,,,,,,,,,,,,,,,,,,,,,"('G', 177)",,,,,,,,,,,,,,,,,,
156,,,,,,"('r', 40)",,,"('r', 40)",,,,,,,,,,,,,,,,,,,,,,,,,,,,,,,,,,,,,,,,,,,,,,,,,,,,,,,,,,,,
157,,,,,,,"('r', 33)",,,"('r', 33)","('r', 33)",,,,,,,,,,,,,,,,,,,,,,,,,,,,,,,,,,,,,,,,,,,,,,,,,,,,,,,,,,
158,,,,,,,"('r', 34)",,,"('r', 34)","('r', 34)",,,,,,,,,,,,,,,,,,,,,,,,,,,,,,,,,,,,,,,,,,,,,,,,,,,,,,,,,,
159,,,,,,,"('r', 35)",,,"('r', 35)","('r', 35)",,,,,,,,,,,,,,,,,,,,,,,,,,,,,,,,,,,,,,,,,,,,,,,,,,,,,,,,,,
160,,,,,,,"('r', 36)",,,"('r', 36)","('r', 36)",,,,,,,,,,,,,,,,,,,,,,,,,,,,,,,,,,,,,,,,,,,,,,,,,,,,,,,,,,
161,,,,,,,"('r', 37)",,,"('r', 37)","('r', 37)",,,,,,,,,,,,,,,,,,,,,,,,,,,,,,,,,,,,,,,,,,,,,,,,,,,,,,,,,,
162,,,,,,,"('r', 38)",,,"('r', 38)","('r', 38)",,,,,,,,,,,,,,,,,,,,,,,,,,,,,,,,,,,,,,,,,,,,,,,,,,,,,,,,,,
163,,,,,,,"('r', 39)",,,"('r', 39)","('r', 39)",,,,,,,,,,,,,,,,,,,,,,,,,,,,,,,,,,,,,,,,,,,,,,,,,,,,,,,,,,
164,,,,,,,,,,,,"('S', 178)",,,,,,,,,,,,,,,,,,,,,,,,,,,,,,,,,,,,,,,,,,,,,,,,,,,,,,,,,
165,,,,,,,,,,,,"('S', 179)",,,,,,,,,,,,,,,,,,,,,,,,,,,,,,,,,,,,,,,,,,,,,,,,,,,,,,,,,
166,"('r', 77)","('r', 77)","('r', 77)","('r', 77)","('r', 77)","('r', 77)","('r', 77)",,,,,,,,,,,,,,,,,,,"('r', 77)","('r', 77)","('r', 77)","('r', 77)","('r', 77)","('r', 77)","('r', 77)","('r', 77)",,"('r', 77)","('r', 77)",,,,,,,,,,,,,,,,,,,,,,,,,,,,,,,,,
167,,,,,,"('r', 47)",,,,,,,,,,,,,,,,,,,,,,,,,,,,,,,,,,,,,,,,,,,,,,,,,,,,,,,,,,,,,,,
168,,,,,,,"('S', 181)",,,"('S', 143)","('S', 144)",,,,,,,,,,,,,,,,,,,,,,,,,,,,,,,,,,,,"('G', 180)",,,,,,,,,,,,,,,,,,,,,,
169,,,,,,,"('S', 68)",,,"('S', 69)","('S', 70)","('r', 54)",,,,,,,,,,,,,,,,,,,,,,,,,,,,,,,,,,,"('G', 67)",,,,,,"('G', 65)","('G', 66)",,"('G', 71)",,"('G', 182)",,,,,,,,,,,
170,,,,,,,,,,,,"('S', 183)",,,,,,,,,,,,,,,,,,,,,,,,,,,,,,,,,,,,,,,,,,,,,,,,,,,,,,,,,
171,,,,,,,,,,,,"('S', 184)",,,,,,,,,,,,,,,,,,,,,,,,,,,,,,,,,,,,,,,,,,,,,,,,,,,,,,,,,
172,,,,,,,,,,,,"('S', 185)",,,,,,,,,,,,,,,,,,,,,,,,,,,,,,,,,,,,,,,,,,,,,,,,,,,,,,,,,
173,,,,,,,"('S', 142)",,,"('S', 143)","('S', 144)",,,,,,,,,,,,,,,,,,,,,,,,,,,,,,,,,,,,"('G', 141)",,,,,,"('G', 186)","('G', 140)",,"('G', 145)",,,,,,,,,,,,,
174,,,,,,,"('S', 21)",,,,,,,,,,,,,,,,,,,,,,,,,,,,,,,,,,,,,"('G', 187)",,,,,,,,,,,,,,,,,,,,,,,,,
175,"('r', 63)","('r', 63)","('r', 63)","('r', 63)","('r', 63)","('r', 63)","('r', 63)",,,,,,,,,,,,,,,,,,,"('r', 63)","('r', 63)","('r', 63)","('r', 63)","('r', 63)","('r', 63)","('r', 63)","('r', 63)",,"('r', 63)","('r', 63)",,,,,,,,,,,,,,,,,,,,,,,,,,,,,,,,,
176,,,,,,"('S', 188)",,,,,,,,,,,,,,,,,,,,,,,,,,,,,,,,,,,,,,,,,,,,,,,,,,,,,,,,,,,,,,,
177,,,,,,"('r', 41)",,,,,,,,,,,,,,,,,,,,,,,,,,,,,,,,,,,,,,,,,,,,,,,,,,,,,,,,,,,,,,,
178,,,,,,"('S', 189)",,,,,,,,,,,,,,,,,,,,,,,,,,,,,,,,,,,,,,,,,,,,,,,,,,,,,,,,,,,,,,,
179,,,,,,"('S', 190)",,,,,,,,,,,,,,,,,,,,,,,,,,,,,,,,,,,,,,,,,,,,,,,,,,,,,,,,,,,,,,,
180,,,,,,"('r', 49)",,,,,,,"('S', 36)","('S', 37)","('S', 38)","('S', 39)","('S', 40)","('S', 41)","('S', 42)","('S', 43)","('S', 44)","('S', 45)","('S', 46)","('S', 47)","('S', 48)",,,,,,,,,,,,,,,,,,,,,,,"('G', 168)",,,,,,,"('G', 191)",,,,,,,,,,,,,,
181,,,,,,"('r', 16)",,,,,,,"('r', 16)","('r', 16)","('r', 16)","('r', 16)","('r', 16)","('r', 16)","('r', 16)","('r', 16)","('r', 16)","('r', 16)","('r', 16)","('r', 16)","('r', 16)",,,,,,,,,,,,,,,,,,,,,,,,,,,,,,,,,,,,,,,,,,,,
182,,,,,,,,,,,,"('S', 192)",,,,,,,,,,,,,,,,,,,,,,,,,,,,,,,,,,,,,,,,,,,,,,,,,,,,,,,,,
183,,,,,,"('r', 18)",,,,,,,"('r', 18)","('r', 18)","('r', 18)","('r', 18)","('r', 18)","('r', 18)","('r', 18)","('r', 18)","('r', 18)","('r', 18)","('r', 18)","('r', 18)","('r', 18)",,,,,,,,,,,,,,,,,,,,,,,,,,,,,,,,,,,,,,,,,,,,
184,"('S', 5)","('S', 6)","('S', 7)","('S', 8)","('S', 9)","('r', 44)","('S', 97)",,,,,,,,,,,,,,,,,,,"('S', 208)",,"('S', 196)","('S', 197)","('S', 199)","('S', 200)","('S', 201)","('S', 203)",,"('S', 205)","('S', 206)",,,,,,"('G', 210)","('G', 209)",,,,,,,"('G', 96)",,"('G', 195)",,,,,,,,,,,"('G', 207)",,"('G', 193)","('G', 194)","('G', 198)","('G', 202)","('G', 204)"
185,"('S', 5)","('S', 6)","('S', 7)","('S', 8)","('S', 9)","('r', 44)","('S', 97)",,,,,,,,,,,,,,,,,,,"('S', 110)",,"('S', 98)","('S', 99)","('S', 101)","('S', 102)","('S', 103)","('S', 105)",,"('S', 107)","('S', 108)",,,,,,"('G', 112)","('G', 111)",,,,,,,"('G', 96)",,"('G', 95)",,,,,,,,,,,"('G', 109)",,"('G', 211)","('G', 94)","('G', 100)","('G', 104)","('G', 106)"
186,,,,,,"('S', 212)",,,,,,,,,,,,,,,,,,,,,,,,,,,,,,,,,,,,,,,,,,,,,,,,,,,,,,,,,,,,,,,
187,,,,,,"('r', 15)",,,"('S', 15)",,,,,,,,,,,,,,,,,,,,,,,,,,,,,,,,,,,,,"('G', 213)",,,,,,,,,,,,,,,,,,,,,,,
188,"('r', 10)","('r', 10)","('r', 10)","('r', 10)","('r', 10)","('r', 10)","('r', 10)",,,,,,,,,,,,,,,,,,,"('r', 10)","('r', 10)","('r', 10)","('r', 10)","('r', 10)","('r', 10)","('r', 10)","('r', 10)",,"('r', 10)","('r', 10)",,,,,,,,,,,,,,,,,,,,,,,,,,,,,,,,,
189,"('r', 73)","('r', 73)","('r', 73)","('r', 73)","('r', 73)","('r', 73)","('r', 73)",,,,,,,,,,,,,,,,,,,"('r', 73)","('r', 73)","('r', 73)","('r', 73)","('r', 73)","('r', 73)","('r', 73)","('r', 73)",,"('r', 73)","('r', 73)",,,,,,,,,,,,,,,,,,,,,,,,,,,,,,,,,
190,"('r', 74)","('r', 74)","('r', 74)","('r', 74)","('r', 74)","('r', 74)","('r', 74)",,,,,,,,,,,,,,,,,,,"('r', 74)","('r', 74)","('r', 74)","('r', 74)","('r', 74)","('r', 74)","('r', 74)","('r', 74)",,"('r', 74)","('r', 74)",,,,,,,,,,,,,,,,,,,,,,,,,,,,,,,,,
191,,,,,,"('r', 48)",,,,,,,,,,,,,,,,,,,,,,,,,,,,,,,,,,,,,,,,,,,,,,,,,,,,,,,,,,,,,,,
192,,,,,,"('r', 50)",,,,,,,,,,,,,,,,,,,,,,,,,,,,,,,,,,,,,,,,,,,,,,,,,,,,,,,,,,,,,,,
193,,,,,,,,,,,,,,,,,,,,,,,,,,,,,,,,,,"('S', 214)",,,,,,,,,,,,,,,,,,,,,,,,,,,,,,,,,,,
194,,,,,,,,,,,,,,,,,,,,,,,,,,,,,,,,,,"('r', 66)",,,,,,,,,,,,,,,,,,,,,,,,,,,,,,,,,,,
195,,,,,,"('S', 215)",,,,,,,,,,,,,,,,,,,,,,,,,,,,,,,,,,,,,,,,,,,,,,,,,,,,,,,,,,,,,,,
196,,,,,,,,,,,"('S', 216)",,,,,,,,,,,,,,,,,,,,,,,,,,,,,,,,,,,,,,,,,,,,,,,,,,,,,,,,,,
197,,,,,,,,,,,"('S', 217)",,,,,,,,,,,,,,,,,,,,,,,,,,,,,,,,,,,,,,,,,,,,,,,,,,,,,,,,,,
198,,,,,,,,,,,,,,,,,,,,,,,,,,,,,,,,,,"('r', 67)",,,,,,,,,,,,,,,,,,,,,,,,,,,,,,,,,,,
199,,,,,,"('S', 218)",,,,,,,,,,,,,,,,,,,,,,,,,,,,,,,,,,,,,,,,,,,,,,,,,,,,,,,,,,,,,,,
200,,,,,,"('S', 219)",,,,,,,,,,,,,,,,,,,,,,,,,,,,,,,,,,,,,,,,,,,,,,,,,,,,,,,,,,,,,,,
201,,,,,,"('S', 221)","('S', 142)",,,"('S', 143)","('S', 144)",,,,,,,,,,,,,,,,,,,,,,,,,,,,,,,,,,,,"('G', 141)",,,,,,"('G', 220)","('G', 140)",,"('G', 145)",,,,,,,,,,,,,
202,,,,,,,,,,,,,,,,,,,,,,,,,,,,,,,,,,"('r', 68)",,,,,,,,,,,,,,,,,,,,,,,,,,,,,,,,,,,
203,,,,,,,,,,,"('S', 222)",,,,,,,,,,,,,,,,,,,,,,,,,,,,,,,,,,,,,,,,,,,,,,,,,,,,,,,,,,
204,,,,,,,,,,,,,,,,,,,,,,,,,,,,,,,,,,"('r', 69)",,,,,,,,,,,,,,,,,,,,,,,,,,,,,,,,,,,
205,,,,,,,,,,,"('S', 223)",,,,,,,,,,,,,,,,,,,,,,,,,,,,,,,,,,,,,,,,,,,,,,,,,,,,,,,,,,
206,,,,,,,,,,,"('S', 224)",,,,,,,,,,,,,,,,,,,,,,,,,,,,,,,,,,,,,,,,,,,,,,,,,,,,,,,,,,
207,,,,,,,,,,,,,,,,,,,,,,,,,,,,,,,,,,"('r', 70)",,,,,,,,,,,,,,,,,,,,,,,,,,,,,,,,,,,
208,"('S', 5)","('S', 6)","('S', 7)","('S', 8)","('S', 9)","('r', 44)","('S', 97)",,,,,,,,,,,,,,,,,,,"('S', 110)","('r', 65)","('S', 98)","('S', 99)","('S', 101)","('S', 102)","('S', 103)","('S', 105)",,"('S', 107)","('S', 108)",,,,,,"('G', 112)","('G', 111)",,,,,,,"('G', 96)",,"('G', 95)",,,,,,,,,,,"('G', 109)","('G', 225)","('G', 93)","('G', 94)","('G', 100)","('G', 104)","('G', 106)"
209,,,,,,,,,,,,,,,,,,,,,,,,,,,,,,,,,,"('r', 71)",,,,,,,,,,,,,,,,,,,,,,,,,,,,,,,,,,,
210,,,,,,,"('S', 21)",,,,,,,,,,,,,,,,,,,,,,,,,,,,,,,,,,,,,"('G', 226)",,,,,,,,,,,,,,,,,,,,,,,,,
211,"('r', 80)","('r', 80)","('r', 80)","('r', 80)","('r', 80)","('r', 80)","('r', 80)",,,,,,,,,,,,,,,,,,,"('r', 80)","('r', 80)","('r', 80)","('r', 80)","('r', 80)","('r', 80)","('r', 80)","('r', 80)",,"('r', 80)","('r', 80)",,,,,,,,,,,,,,,,,,,,,,,,,,,,,,,,,
212,,,,,,,"('S', 228)",,,,,,,,,,,,,,,,,,,,,,,,,,,,,,,,,,,,,,,,,,,"('G', 227)",,,,,,,,,,,,,,,,,,,
213,,,,,,"('S', 229)",,,,,,,,,,,,,,,,,,,,,,,,,,,,,,,,,,,,,,,,,,,,,,,,,,,,,,,,,,,,,,,
214,"('S', 5)","('S', 6)","('S', 7)","('S', 8)","('S', 9)","('r', 44)","('S', 97)",,,,,,,,,,,,,,,,,,,"('S', 110)",,"('S', 98)","('S', 99)","('S', 101)","('S', 102)","('S', 103)","('S', 105)",,"('S', 107)","('S', 108)",,,,,,"('G', 112)","('G', 111)",,,,,,,"('G', 96)",,"('G', 95)",,,,,,,,,,,"('G', 109)",,"('G', 230)","('G', 94)","('G', 100)","('G', 104)","('G', 106)"
215,,,,,,,,,,,,,,,,,,,,,,,,,,,,,,,,,,"('r', 72)",,,,,,,,,,,,,,,,,,,,,,,,,,,,,,,,,,,
216,,,,,,,"('S', 53)",,,"('S', 54)","('S', 55)",,,,,,,,,,,,,,,,,,,,,,,,,,,,,,,,,,,,"('G', 52)",,,,,,"('G', 231)","('G', 51)",,"('G', 56)",,,,,,,,,,,,,
217,,,,,,,"('S', 232)",,,,,,,,,,,,,,,,,,,,,,,,,,,,,,,,,,,,,,,,,,,,,,,,,,,,,,,,,,,,,,
218,,,,,,,,,,,,,,,,,,,,,,,,,,,,,,,,,,"('r', 75)",,,,,,,,,,,,,,,,,,,,,,,,,,,,,,,,,,,
219,,,,,,,,,,,,,,,,,,,,,,,,,,,,,,,,,,"('r', 76)",,,,,,,,,,,,,,,,,,,,,,,,,,,,,,,,,,,
220,,,,,,"('S', 233)",,,,,,,,,,,,,,,,,,,,,,,,,,,,,,,,,,,,,,,,,,,,,,,,,,,,,,,,,,,,,,,
221,,,,,,,,,,,,,,,,,,,,,,,,,,,,,,,,,,"('r', 78)",,,,,,,,,,,,,,,,,,,,,,,,,,,,,,,,,,,
222,,,,,,,"('S', 53)",,,"('S', 54)","('S', 55)",,,,,,,,,,,,,,,,,,,,,,,,,,,,,,,,,,,,"('G', 52)",,,,,,"('G', 234)","('G', 51)",,"('G', 56)",,,,,,,,,,,,,
223,,,,,,,"('S', 53)",,,"('S', 54)","('S', 55)",,,,,,,,,,,,,,,,,,,,,,,,,,,,,,,,,,,,"('G', 52)",,,,,,"('G', 235)","('G', 51)",,"('G', 56)",,,,,,,,,,,,,
224,"('S', 5)","('S', 6)","('S', 7)","('S', 8)","('S', 9)",,,,,,,,,,,,,,,,,,,,,,,,,,,,,,,,,,,,,"('G', 174)","('G', 236)",,,,,,,,,,,,,,,,,,,,,,,,,,
225,,,,,,,,,,,,,,,,,,,,,,,,,,,"('S', 237)",,,,,,,,,,,,,,,,,,,,,,,,,,,,,,,,,,,,,,,,,,
226,,,,,,"('r', 15)",,,"('S', 15)",,,,,,,,,,,,,,,,,,,,,,,,,,,,,,,,,,,,,"('G', 238)",,,,,,,,,,,,,,,,,,,,,,,
227,,,,,,,,,,,,"('S', 239)",,,,,,,,,,,,,,,,,,,,,,,,,,,,,,,,,,,,,,,,,,,,,,,,,,,,,,,,,
228,,,,,,,,"('S', 127)",,,,,"('S', 128)","('S', 129)","('S', 130)","('S', 131)","('S', 132)","('S', 133)","('S', 134)",,,,,,,,,,,,,,,,,,,,,,,,,,,,,,"('G', 240)",,,,,,,,,,,,,,,,,,,,
229,,,,,,,"('r', 10)",,,"('r', 10)","('r', 10)",,,,,,,,,,,,,,,,,,,,,,,,,,,,,,,,,,,,,,,,,,,,,,,,,,,,,,,,,,
230,"('r', 79)","('r', 79)","('r', 79)","('r', 79)","('r', 79)","('r', 79)","('r', 79)",,,,,,,,,,,,,,,,,,,"('r', 79)","('r', 79)","('r', 79)","('r', 79)","('r', 79)","('r', 79)","('r', 79)","('r', 79)",,"('r', 79)","('r', 79)",,,,,,,,,,,,,,,,,,,,,,,,,,,,,,,,,
231,,,,,,,,,,,,"('S', 241)",,,,,,,,,,,,,,,,,,,,,,,,,,,,,,,,,,,,,,,,,,,,,,,,,,,,,,,,,
232,,,,,,,,,,,,"('S', 242)",,,,,,,,,,,,,,,,,,,,,,,,,,,,,,,,,,,,,,,,,,,,,,,,,,,,,,,,,
233,,,,,,,,,,,,,,,,,,,,,,,,,,,,,,,,,,"('r', 77)",,,,,,,,,,,,,,,,,,,,,,,,,,,,,,,,,,,
234,,,,,,,,,,,,"('S', 243)",,,,,,,,,,,,,,,,,,,,,,,,,,,,,,,,,,,,,,,,,,,,,,,,,,,,,,,,,
235,,,,,,,,,,,,"('S', 244)",,,,,,,,,,,,,,,,,,,,,,,,,,,,,,,,,,,,,,,,,,,,,,,,,,,,,,,,,
236,,,,,,,"('S', 142)",,,"('S', 143)","('S', 144)",,,,,,,,,,,,,,,,,,,,,,,,,,,,,,,,,,,,"('G', 141)",,,,,,"('G', 245)","('G', 140)",,"('G', 145)",,,,,,,,,,,,,
237,,,,,,,,,,,,,,,,,,,,,,,,,,,,,,,,,,"('r', 63)",,,,,,,,,,,,,,,,,,,,,,,,,,,,,,,,,,,
238,,,,,,"('S', 246)",,,,,,,,,,,,,,,,,,,,,,,,,,,,,,,,,,,,,,,,,,,,,,,,,,,,,,,,,,,,,,,
239,"('S', 5)","('S', 6)","('S', 7)","('S', 8)","('S', 9)","('r', 44)","('S', 97)",,,,,,,,,,,,,,,,,,,"('S', 110)",,"('S', 98)","('S', 99)","('S', 101)","('S', 102)","('S', 103)","('S', 105)",,"('S', 107)","('S', 108)",,,,,,"('G', 112)","('G', 111)",,,,,,,"('G', 96)",,"('G', 95)",,,,,,,,,,,"('G', 109)",,"('G', 247)","('G', 94)","('G', 100)","('G', 104)","('G', 106)"
240,,,,,,,"('S', 53)",,,"('S', 54)","('S', 55)",,,,,,,,,,,,,,,,,,,,,,,,,,,,,,,,,,,,"('G', 52)",,,,,,"('G', 248)","('G', 51)",,"('G', 56)",,,,,,,,,,,,,
241,,,,,,"('S', 249)",,,,,,,,,,,,,,,,,,,,,,,,,,,,,,,,,,,,,,,,,,,,,,,,,,,,,,,,,,,,,,,
242,,,,,,"('S', 250)",,,,,,,,,,,,,,,,,,,,,,,,,,,,,,,,,,,,,,,,,,,,,,,,,,,,,,,,,,,,,,,
243,"('S', 5)","('S', 6)","('S', 7)","('S', 8)","('S', 9)","('r', 44)","('S', 97)",,,,,,,,,,,,,,,,,,,"('S', 208)",,"('S', 196)","('S', 197)","('S', 199)","('S', 200)","('S', 201)","('S', 203)",,"('S', 205)","('S', 206)",,,,,,"('G', 210)","('G', 209)",,,,,,,"('G', 96)",,"('G', 195)",,,,,,,,,,,"('G', 207)",,"('G', 251)","('G', 194)","('G', 198)","('G', 202)","('G', 204)"
244,"('S', 5)","('S', 6)","('S', 7)","('S', 8)","('S', 9)","('r', 44)","('S', 97)",,,,,,,,,,,,,,,,,,,"('S', 208)",,"('S', 196)","('S', 197)","('S', 199)","('S', 200)","('S', 201)","('S', 203)",,"('S', 205)","('S', 206)",,,,,,"('G', 210)","('G', 209)",,,,,,,"('G', 96)",,"('G', 195)",,,,,,,,,,,"('G', 207)",,"('G', 252)","('G', 194)","('G', 198)","('G', 202)","('G', 204)"
245,,,,,,"('S', 253)",,,,,,,,,,,,,,,,,,,,,,,,,,,,,,,,,,,,,,,,,,,,,,,,,,,,,,,,,,,,,,,
246,,,,,,,,,,,,,,,,,,,,,,,,,,,,,,,,,,"('r', 10)",,,,,,,,,,,,,,,,,,,,,,,,,,,,,,,,,,,
247,"('r', 81)","('r', 81)","('r', 81)","('r', 81)","('r', 81)","('r', 81)","('r', 81)",,,,,,,,,,,,,,,,,,,"('r', 81)","('r', 81)","('r', 81)","('r', 81)","('r', 81)","('r', 81)","('r', 81)","('r', 81)",,"('r', 81)","('r', 81)",,,,,,,,,,,,,,,,,,,,,,,,,,,,,,,,,
248,,,,,,,,,,,,"('r', 40)",,,,,,,,,,,,,,,,,,,,,,,,,,,,,,,,,,,,,,,,,,,,,,,,,,,,,,,,,
249,,,,,,,,,,,,,,,,,,,,,,,,,,,,,,,,,,"('r', 73)",,,,,,,,,,,,,,,,,,,,,,,,,,,,,,,,,,,
250,,,,,,,,,,,,,,,,,,,,,,,,,,,,,,,,,,"('r', 74)",,,,,,,,,,,,,,,,,,,,,,,,,,,,,,,,,,,
251,,,,,,,,,,,,,,,,,,,,,,,,,,,,,,,,,,"('S', 254)",,,,,,,,,,,,,,,,,,,,,,,,,,,,,,,,,,,
252,,,,,,,,,,,,,,,,,,,,,,,,,,,,,,,,,,"('r', 80)",,,,,,,,,,,,,,,,,,,,,,,,,,,,,,,,,,,
253,,,,,,,"('S', 228)",,,,,,,,,,,,,,,,,,,,,,,,,,,,,,,,,,,,,,,,,,,"('G', 255)",,,,,,,,,,,,,,,,,,,
254,"('S', 5)","('S', 6)","('S', 7)","('S', 8)","('S', 9)","('r', 44)","('S', 97)",,,,,,,,,,,,,,,,,,,"('S', 208)",,"('S', 196)","('S', 197)","('S', 199)","('S', 200)","('S', 201)","('S', 203)",,"('S', 205)","('S', 206)",,,,,,"('G', 210)","('G', 209)",,,,,,,"('G', 96)",,"('G', 195)",,,,,,,,,,,"('G', 207)",,"('G', 256)","('G', 194)","('G', 198)","('G', 202)","('G', 204)"
255,,,,,,,,,,,,"('S', 257)",,,,,,,,,,,,,,,,,,,,,,,,,,,,,,,,,,,,,,,,,,,,,,,,,,,,,,,,,
256,,,,,,,,,,,,,,,,,,,,,,,,,,,,,,,,,,"('r', 79)",,,,,,,,,,,,,,,,,,,,,,,,,,,,,,,,,,,
257,"('S', 5)","('S', 6)","('S', 7)","('S', 8)","('S', 9)","('r', 44)","('S', 97)",,,,,,,,,,,,,,,,,,,"('S', 208)",,"('S', 196)","('S', 197)","('S', 199)","('S', 200)","('S', 201)","('S', 203)",,"('S', 205)","('S', 206)",,,,,,"('G', 210)","('G', 209)",,,,,,,"('G', 96)",,"('G', 195)",,,,,,,,,,,"('G', 207)",,"('G', 258)","('G', 194)","('G', 198)","('G', 202)","('G', 204)"
258,,,,,,,,,,,,,,,,,,,,,,,,,,,,,,,,,,"('r', 81)",,,,,,,,,,,,,,,,,,,,,,,,,,,,,,,,,,,
