,char,int,double,float,void,;,identifier,=,",",number,(,),+,-,*,/,%,^,&,<,>,!=,==,<=,>=,+=,-=,*=,/=,%=,^=,&=,|=,{,},continue,break,return,if,else,while,for,#,,sstart,start,external_declaration,type_specifier,declaration,declaration_parameter,declaration_parameter_assign,declaration_parameter_suffix,primary_expression,operator,assignment_operator,assignment_expression,assignment_expression_list_suffix,assignment_expression_list,expression,constant_expression,arithmetic_expression,function_expression,expression_list_suffix,expression_list,function_definition,function_parameter_list,function_parameter_list_suffix,function_parameter,compound_statement,statement_list,statement,expression_statement,jump_statement,selection_statement,iteration_statement
0,"('S', 5)","('S', 6)","('S', 7)","('S', 8)","('S', 9)",,,,,,,,,,,,,,,,,,,,,,,,,,,,,,,,,,,,,,"('r', 2)",,,"('G', 1)","('G', 2)","('G', 4)","('G', 3)",,,,,,,,,,,,,,,,"('G', 10)",,,,,,,,,,
1,,,,,,,,,,,,,,,,,,,,,,,,,,,,,,,,,,,,,,,,,,,"('acc',)",,,,,,,,,,,,,,,,,,,,,,,,,,,,,,,,
2,"('S', 5)","('S', 6)","('S', 7)","('S', 8)","('S', 9)",,,,,,,,,,,,,,,,,,,,,,,,,,,,,,,,,,,,,,"('r', 2)",,,"('G', 11)","('G', 2)","('G', 4)","('G', 3)",,,,,,,,,,,,,,,,"('G', 10)",,,,,,,,,,
3,"('r', 3)","('r', 3)","('r', 3)","('r', 3)","('r', 3)",,"('r', 3)",,,,,,,,,,,,,,,,,,,,,,,,,,,,,,,,,,,,"('r', 3)",,,,,,,,,,,,,,,,,,,,,,,,,,,,,,,,
4,,,,,,,"('S', 13)",,,,,,,,,,,,,,,,,,,,,,,,,,,,,,,,,,,,,,,,,,,"('G', 12)",,,,,,,,,,,,,,,,,,,,,,,,,
5,,,,,,,"('r', 5)",,,,,,,,,,,,,,,,,,,,,,,,,,,,,,,,,,,,,,,,,,,,,,,,,,,,,,,,,,,,,,,,,,,,
6,,,,,,,"('r', 6)",,,,,,,,,,,,,,,,,,,,,,,,,,,,,,,,,,,,,,,,,,,,,,,,,,,,,,,,,,,,,,,,,,,,
7,,,,,,,"('r', 7)",,,,,,,,,,,,,,,,,,,,,,,,,,,,,,,,,,,,,,,,,,,,,,,,,,,,,,,,,,,,,,,,,,,,
8,,,,,,,"('r', 8)",,,,,,,,,,,,,,,,,,,,,,,,,,,,,,,,,,,,,,,,,,,,,,,,,,,,,,,,,,,,,,,,,,,,
9,,,,,,,"('r', 9)",,,,,,,,,,,,,,,,,,,,,,,,,,,,,,,,,,,,,,,,,,,,,,,,,,,,,,,,,,,,,,,,,,,,
10,"('r', 4)","('r', 4)","('r', 4)","('r', 4)","('r', 4)",,"('r', 4)",,,,,,,,,,,,,,,,,,,,,,,,,,,,,,,,,,,,"('r', 4)",,,,,,,,,,,,,,,,,,,,,,,,,,,,,,,,
11,,,,,,,,,,,,,,,,,,,,,,,,,,,,,,,,,,,,,,,,,,,"('r', 1)",,,,,,,,,,,,,,,,,,,,,,,,,,,,,,,,
12,,,,,,"('r', 15)",,,"('S', 15)",,,,,,,,,,,,,,,,,,,,,,,,,,,,,,,,,,,,,,,,,,,"('G', 14)",,,,,,,,,,,,,,,,,,,,,,,
13,,,,,,"('r', 13)",,"('S', 17)","('r', 13)",,"('S', 18)",,,,,,,,,,,,,,,,,,,,,,,,,,,,,,,,,,,,,,,,"('G', 16)",,,,,,,,,,,,,,,,,,,,,,,,
14,,,,,,"('S', 19)",,,,,,,,,,,,,,,,,,,,,,,,,,,,,,,,,,,,,,,,,,,,,,,,,,,,,,,,,,,,,,,,,,,,,
15,,,,,,,"('S', 21)",,,,,,,,,,,,,,,,,,,,,,,,,,,,,,,,,,,,,,,,,,,"('G', 20)",,,,,,,,,,,,,,,,,,,,,,,,,
16,,,,,,"('r', 11)",,,"('r', 11)",,,,,,,,,,,,,,,,,,,,,,,,,,,,,,,,,,,,,,,,,,,,,,,,,,,,,,,,,,,,,,,,,,
17,,,,,,,"('S', 25)",,,"('S', 26)","('S', 27)",,,,,,,,,,,,,,,,,,,,,,,,,,,,,,,,,,,,,,,,,,"('G', 24)",,,,,,"('G', 22)","('G', 23)",,"('G', 28)",,,,,,,,,,,,,
18,"('S', 5)","('S', 6)","('S', 7)","('S', 8)","('S', 32)",,,,,,,"('r', 58)",,,,,,,,,,,,,,,,,,,,,,,,,,,,,,,,,,,,"('G', 31)",,,,,,,,,,,,,,,,,,"('G', 29)",,"('G', 30)",,,,,,,
19,"('r', 10)","('r', 10)","('r', 10)","('r', 10)","('r', 10)",,"('r', 10)",,,,,,,,,,,,,,,,,,,,,,,,,,,,,,,,,,,,"('r', 10)",,,,,,,,,,,,,,,,,,,,,,,,,,,,,,,,
20,,,,,,"('r', 15)",,,"('S', 15)",,,,,,,,,,,,,,,,,,,,,,,,,,,,,,,,,,,,,,,,,,,"('G', 33)",,,,,,,,,,,,,,,,,,,,,,,
21,,,,,,"('r', 13)",,"('S', 17)","('r', 13)",,,,,,,,,,,,,,,,,,,,,,,,,,,,,,,,,,,,,,,,,,"('G', 16)",,,,,,,,,,,,,,,,,,,,,,,,
22,,,,,,"('r', 12)",,,"('r', 12)",,,,,,,,,,,,,,,,,,,,,,,,,,,,,,,,,,,,,,,,,,,,,,,,,,,,,,,,,,,,,,,,,,
23,,,,,,"('r', 46)",,,"('r', 46)",,,,,,,,,,,,,,,,,,,,,,,,,,,,,,,,,,,,,,,,,,,,,,,,,,,,,,,,,,,,,,,,,,
24,,,,,,"('r', 50)",,,"('r', 50)",,,,"('S', 36)","('S', 37)","('S', 38)","('S', 39)","('S', 40)","('S', 41)","('S', 42)","('S', 43)","('S', 44)","('S', 45)","('S', 46)","('S', 47)","('S', 48)",,,,,,,,,,,,,,,,,,,,,,,,,,,,,"('G', 35)",,,,,,,"('G', 34)",,,,,,,,,,,,,,
25,,,,,,"('r', 16)",,,"('r', 16)",,"('S', 49)",,"('r', 16)","('r', 16)","('r', 16)","('r', 16)","('r', 16)","('r', 16)","('r', 16)","('r', 16)","('r', 16)","('r', 16)","('r', 16)","('r', 16)","('r', 16)",,,,,,,,,,,,,,,,,,,,,,,,,,,,,,,,,,,,,,,,,,,,,,,,,,
26,,,,,,"('r', 17)",,,"('r', 17)",,,,"('r', 17)","('r', 17)","('r', 17)","('r', 17)","('r', 17)","('r', 17)","('r', 17)","('r', 17)","('r', 17)","('r', 17)","('r', 17)","('r', 17)","('r', 17)",,,,,,,,,,,,,,,,,,,,,,,,,,,,,,,,,,,,,,,,,,,,,,,,,,
27,,,,,,,"('S', 53)",,,"('S', 54)","('S', 55)",,,,,,,,,,,,,,,,,,,,,,,,,,,,,,,,,,,,,,,,,,"('G', 52)",,,,,,"('G', 50)","('G', 51)",,"('G', 56)",,,,,,,,,,,,,
28,,,,,,"('r', 47)",,,"('r', 47)",,,,,,,,,,,,,,,,,,,,,,,,,,,,,,,,,,,,,,,,,,,,,,,,,,,,,,,,,,,,,,,,,,
29,,,,,,,,,,,,"('S', 57)",,,,,,,,,,,,,,,,,,,,,,,,,,,,,,,,,,,,,,,,,,,,,,,,,,,,,,,,,,,,,,,
30,,,,,"('S', 60)",,,,"('S', 59)",,,"('r', 61)",,,,,,,,,,,,,,,,,,,,,,,,,,,,,,,,,,,,,,,,,,,,,,,,,,,,,,,"('G', 58)",,,,,,,,
31,,,,,,,"('S', 61)",,,,,,,,,,,,,,,,,,,,,,,,,,,,,,,,,,,,,,,,,,,,,,,,,,,,,,,,,,,,,,,,,,,,
32,,,,,,,"('r', 9)",,,,,"('r', 59)",,,,,,,,,,,,,,,,,,,,,,,,,,,,,,,,,,,,,,,,,,,,,,,,,,,,,,,,,,,,,,,
33,,,,,,"('r', 14)",,,,,,,,,,,,,,,,,,,,,,,,,,,,,,,,,,,,,,,,,,,,,,,,,,,,,,,,,,,,,,,,,,,,,
34,,,,,,"('r', 48)",,,"('r', 48)",,,,,,,,,,,,,,,,,,,,,,,,,,,,,,,,,,,,,,,,,,,,,,,,,,,,,,,,,,,,,,,,,,
35,,,,,,,"('S', 63)",,,"('S', 26)","('S', 27)",,,,,,,,,,,,,,,,,,,,,,,,,,,,,,,,,,,,,,,,,,"('G', 62)",,,,,,,,,,,,,,,,,,,,,,
36,,,,,,,"('r', 19)",,,"('r', 19)","('r', 19)",,,,,,,,,,,,,,,,,,,,,,,,,,,,,,,,,,,,,,,,,,,,,,,,,,,,,,,,,,,,,,,,
37,,,,,,,"('r', 20)",,,"('r', 20)","('r', 20)",,,,,,,,,,,,,,,,,,,,,,,,,,,,,,,,,,,,,,,,,,,,,,,,,,,,,,,,,,,,,,,,
38,,,,,,,"('r', 21)",,,"('r', 21)","('r', 21)",,,,,,,,,,,,,,,,,,,,,,,,,,,,,,,,,,,,,,,,,,,,,,,,,,,,,,,,,,,,,,,,
39,,,,,,,"('r', 22)",,,"('r', 22)","('r', 22)",,,,,,,,,,,,,,,,,,,,,,,,,,,,,,,,,,,,,,,,,,,,,,,,,,,,,,,,,,,,,,,,
40,,,,,,,"('r', 23)",,,"('r', 23)","('r', 23)",,,,,,,,,,,,,,,,,,,,,,,,,,,,,,,,,,,,,,,,,,,,,,,,,,,,,,,,,,,,,,,,
41,,,,,,,"('r', 24)",,,"('r', 24)","('r', 24)",,,,,,,,,,,,,,,,,,,,,,,,,,,,,,,,,,,,,,,,,,,,,,,,,,,,,,,,,,,,,,,,
42,,,,,,,"('r', 25)",,,"('r', 25)","('r', 25)",,,,,,,,,,,,,,,,,,,,,,,,,,,,,,,,,,,,,,,,,,,,,,,,,,,,,,,,,,,,,,,,
43,,,,,,,"('r', 26)",,,"('r', 26)","('r', 26)",,,,,,,,,,,,,,,,,,,,,,,,,,,,,,,,,,,,,,,,,,,,,,,,,,,,,,,,,,,,,,,,
44,,,,,,,"('r', 27)",,,"('r', 27)","('r', 27)",,,,,,,,,,,,,,,,,,,,,,,,,,,,,,,,,,,,,,,,,,,,,,,,,,,,,,,,,,,,,,,,
45,,,,,,,"('r', 28)",,,"('r', 28)","('r', 28)",,,,,,,,,,,,,,,,,,,,,,,,,,,,,,,,,,,,,,,,,,,,,,,,,,,,,,,,,,,,,,,,
46,,,,,,,"('r', 29)",,,"('r', 29)","('r', 29)",,,,,,,,,,,,,,,,,,,,,,,,,,,,,,,,,,,,,,,,,,,,,,,,,,,,,,,,,,,,,,,,
47,,,,,,,"('r', 30)",,,"('r', 30)","('r', 30)",,,,,,,,,,,,,,,,,,,,,,,,,,,,,,,,,,,,,,,,,,,,,,,,,,,,,,,,,,,,,,,,
48,,,,,,,"('r', 31)",,,"('r', 31)","('r', 31)",,,,,,,,,,,,,,,,,,,,,,,,,,,,,,,,,,,,,,,,,,,,,,,,,,,,,,,,,,,,,,,,
49,,,,,,,"('S', 68)",,,"('S', 69)","('S', 70)","('r', 55)",,,,,,,,,,,,,,,,,,,,,,,,,,,,,,,,,,,,,,,,,"('G', 67)",,,,,,"('G', 65)","('G', 66)",,"('G', 71)",,"('G', 64)",,,,,,,,,,,
50,,,,,,,,,,,,"('S', 72)",,,,,,,,,,,,,,,,,,,,,,,,,,,,,,,,,,,,,,,,,,,,,,,,,,,,,,,,,,,,,,,
51,,,,,,,,,,,,"('r', 46)",,,,,,,,,,,,,,,,,,,,,,,,,,,,,,,,,,,,,,,,,,,,,,,,,,,,,,,,,,,,,,,
52,,,,,,,,,,,,"('r', 50)","('S', 36)","('S', 37)","('S', 38)","('S', 39)","('S', 40)","('S', 41)","('S', 42)","('S', 43)","('S', 44)","('S', 45)","('S', 46)","('S', 47)","('S', 48)",,,,,,,,,,,,,,,,,,,,,,,,,,,,,"('G', 74)",,,,,,,"('G', 73)",,,,,,,,,,,,,,
53,,,,,,,,,,,"('S', 75)","('r', 16)","('r', 16)","('r', 16)","('r', 16)","('r', 16)","('r', 16)","('r', 16)","('r', 16)","('r', 16)","('r', 16)","('r', 16)","('r', 16)","('r', 16)","('r', 16)",,,,,,,,,,,,,,,,,,,,,,,,,,,,,,,,,,,,,,,,,,,,,,,,,,
54,,,,,,,,,,,,"('r', 17)","('r', 17)","('r', 17)","('r', 17)","('r', 17)","('r', 17)","('r', 17)","('r', 17)","('r', 17)","('r', 17)","('r', 17)","('r', 17)","('r', 17)","('r', 17)",,,,,,,,,,,,,,,,,,,,,,,,,,,,,,,,,,,,,,,,,,,,,,,,,,
55,,,,,,,"('S', 53)",,,"('S', 54)","('S', 55)",,,,,,,,,,,,,,,,,,,,,,,,,,,,,,,,,,,,,,,,,,"('G', 52)",,,,,,"('G', 76)","('G', 51)",,"('G', 56)",,,,,,,,,,,,,
56,,,,,,,,,,,,"('r', 47)",,,,,,,,,,,,,,,,,,,,,,,,,,,,,,,,,,,,,,,,,,,,,,,,,,,,,,,,,,,,,,,
57,,,,,,,,,,,,,,,,,,,,,,,,,,,,,,,,,,"('S', 78)",,,,,,,,,,,,,,,,,,,,,,,,,,,,,,,,,,,"('G', 77)",,,,,,
58,,,,,,,,,,,,"('r', 57)",,,,,,,,,,,,,,,,,,,,,,,,,,,,,,,,,,,,,,,,,,,,,,,,,,,,,,,,,,,,,,,
59,"('S', 5)","('S', 6)","('S', 7)","('S', 8)","('S', 9)",,,,,,,,,,,,,,,,,,,,,,,,,,,,,,,,,,,,,,,,,,,"('G', 31)",,,,,,,,,,,,,,,,,,,,"('G', 79)",,,,,,,
60,,,,,,,,,,,,"('r', 62)",,,,,,,,,,,,,,,,,,,,,,,,,,,,,,,,,,,,,,,,,,,,,,,,,,,,,,,,,,,,,,,
61,,,,,"('r', 63)",,,,"('r', 63)",,,"('r', 63)",,,,,,,,,,,,,,,,,,,,,,,,,,,,,,,,,,,,,,,,,,,,,,,,,,,,,,,,,,,,,,,
62,,,,,,"('r', 50)",,,"('r', 50)",,,,"('S', 36)","('S', 37)","('S', 38)","('S', 39)","('S', 40)","('S', 41)","('S', 42)","('S', 43)","('S', 44)","('S', 45)","('S', 46)","('S', 47)","('S', 48)",,,,,,,,,,,,,,,,,,,,,,,,,,,,,"('G', 35)",,,,,,,"('G', 80)",,,,,,,,,,,,,,
63,,,,,,"('r', 16)",,,"('r', 16)",,,,"('r', 16)","('r', 16)","('r', 16)","('r', 16)","('r', 16)","('r', 16)","('r', 16)","('r', 16)","('r', 16)","('r', 16)","('r', 16)","('r', 16)","('r', 16)",,,,,,,,,,,,,,,,,,,,,,,,,,,,,,,,,,,,,,,,,,,,,,,,,,
64,,,,,,,,,,,,"('S', 81)",,,,,,,,,,,,,,,,,,,,,,,,,,,,,,,,,,,,,,,,,,,,,,,,,,,,,,,,,,,,,,,
65,,,,,,,,,"('S', 83)",,,"('r', 53)",,,,,,,,,,,,,,,,,,,,,,,,,,,,,,,,,,,,,,,,,,,,,,,,,,,"('G', 82)",,,,,,,,,,,,
66,,,,,,,,,"('r', 46)",,,"('r', 46)",,,,,,,,,,,,,,,,,,,,,,,,,,,,,,,,,,,,,,,,,,,,,,,,,,,,,,,,,,,,,,,
67,,,,,,,,,"('r', 50)",,,"('r', 50)","('S', 36)","('S', 37)","('S', 38)","('S', 39)","('S', 40)","('S', 41)","('S', 42)","('S', 43)","('S', 44)","('S', 45)","('S', 46)","('S', 47)","('S', 48)",,,,,,,,,,,,,,,,,,,,,,,,,,,,,"('G', 85)",,,,,,,"('G', 84)",,,,,,,,,,,,,,
68,,,,,,,,,"('r', 16)",,"('S', 86)","('r', 16)","('r', 16)","('r', 16)","('r', 16)","('r', 16)","('r', 16)","('r', 16)","('r', 16)","('r', 16)","('r', 16)","('r', 16)","('r', 16)","('r', 16)","('r', 16)",,,,,,,,,,,,,,,,,,,,,,,,,,,,,,,,,,,,,,,,,,,,,,,,,,
69,,,,,,,,,"('r', 17)",,,"('r', 17)","('r', 17)","('r', 17)","('r', 17)","('r', 17)","('r', 17)","('r', 17)","('r', 17)","('r', 17)","('r', 17)","('r', 17)","('r', 17)","('r', 17)","('r', 17)",,,,,,,,,,,,,,,,,,,,,,,,,,,,,,,,,,,,,,,,,,,,,,,,,,
70,,,,,,,"('S', 53)",,,"('S', 54)","('S', 55)",,,,,,,,,,,,,,,,,,,,,,,,,,,,,,,,,,,,,,,,,,"('G', 52)",,,,,,"('G', 87)","('G', 51)",,"('G', 56)",,,,,,,,,,,,,
71,,,,,,,,,"('r', 47)",,,"('r', 47)",,,,,,,,,,,,,,,,,,,,,,,,,,,,,,,,,,,,,,,,,,,,,,,,,,,,,,,,,,,,,,,
72,,,,,,"('r', 18)",,,"('r', 18)",,,,"('r', 18)","('r', 18)","('r', 18)","('r', 18)","('r', 18)","('r', 18)","('r', 18)","('r', 18)","('r', 18)","('r', 18)","('r', 18)","('r', 18)","('r', 18)",,,,,,,,,,,,,,,,,,,,,,,,,,,,,,,,,,,,,,,,,,,,,,,,,,
73,,,,,,,,,,,,"('r', 48)",,,,,,,,,,,,,,,,,,,,,,,,,,,,,,,,,,,,,,,,,,,,,,,,,,,,,,,,,,,,,,,
74,,,,,,,"('S', 89)",,,"('S', 54)","('S', 55)",,,,,,,,,,,,,,,,,,,,,,,,,,,,,,,,,,,,,,,,,,"('G', 88)",,,,,,,,,,,,,,,,,,,,,,
75,,,,,,,"('S', 68)",,,"('S', 69)","('S', 70)","('r', 55)",,,,,,,,,,,,,,,,,,,,,,,,,,,,,,,,,,,,,,,,,"('G', 67)",,,,,,"('G', 65)","('G', 66)",,"('G', 71)",,"('G', 90)",,,,,,,,,,,
76,,,,,,,,,,,,"('S', 91)",,,,,,,,,,,,,,,,,,,,,,,,,,,,,,,,,,,,,,,,,,,,,,,,,,,,,,,,,,,,,,,
77,"('r', 56)","('r', 56)","('r', 56)","('r', 56)","('r', 56)",,"('r', 56)",,,,,,,,,,,,,,,,,,,,,,,,,,,,,,,,,,,,"('r', 56)",,,,,,,,,,,,,,,,,,,,,,,,,,,,,,,,
78,"('S', 5)","('S', 6)","('S', 7)","('S', 8)","('S', 9)","('r', 45)","('S', 97)",,,,,,,,,,,,,,,,,,,,,,,,,,,"('S', 108)","('r', 66)","('S', 99)","('S', 100)","('S', 101)","('S', 103)",,"('S', 105)","('S', 106)",,,,,,"('G', 110)","('G', 109)",,,,,,,"('G', 96)",,"('G', 95)",,,,,,,,,,,"('G', 107)","('G', 92)","('G', 93)","('G', 94)","('G', 98)","('G', 102)","('G', 104)"
79,,,,,"('S', 60)",,,,"('S', 59)",,,"('r', 61)",,,,,,,,,,,,,,,,,,,,,,,,,,,,,,,,,,,,,,,,,,,,,,,,,,,,,,,"('G', 111)",,,,,,,,
80,,,,,,"('r', 49)",,,"('r', 49)",,,,,,,,,,,,,,,,,,,,,,,,,,,,,,,,,,,,,,,,,,,,,,,,,,,,,,,,,,,,,,,,,,
81,,,,,,"('r', 51)",,,"('r', 51)",,,,,,,,,,,,,,,,,,,,,,,,,,,,,,,,,,,,,,,,,,,,,,,,,,,,,,,,,,,,,,,,,,
82,,,,,,,,,,,,"('r', 54)",,,,,,,,,,,,,,,,,,,,,,,,,,,,,,,,,,,,,,,,,,,,,,,,,,,,,,,,,,,,,,,
83,,,,,,,"('S', 68)",,,"('S', 69)","('S', 70)",,,,,,,,,,,,,,,,,,,,,,,,,,,,,,,,,,,,,,,,,,"('G', 67)",,,,,,"('G', 112)","('G', 66)",,"('G', 71)",,,,,,,,,,,,,
84,,,,,,,,,"('r', 48)",,,"('r', 48)",,,,,,,,,,,,,,,,,,,,,,,,,,,,,,,,,,,,,,,,,,,,,,,,,,,,,,,,,,,,,,,
85,,,,,,,"('S', 114)",,,"('S', 69)","('S', 70)",,,,,,,,,,,,,,,,,,,,,,,,,,,,,,,,,,,,,,,,,,"('G', 113)",,,,,,,,,,,,,,,,,,,,,,
86,,,,,,,"('S', 68)",,,"('S', 69)","('S', 70)","('r', 55)",,,,,,,,,,,,,,,,,,,,,,,,,,,,,,,,,,,,,,,,,"('G', 67)",,,,,,"('G', 65)","('G', 66)",,"('G', 71)",,"('G', 115)",,,,,,,,,,,
87,,,,,,,,,,,,"('S', 116)",,,,,,,,,,,,,,,,,,,,,,,,,,,,,,,,,,,,,,,,,,,,,,,,,,,,,,,,,,,,,,,
88,,,,,,,,,,,,"('r', 50)","('S', 36)","('S', 37)","('S', 38)","('S', 39)","('S', 40)","('S', 41)","('S', 42)","('S', 43)","('S', 44)","('S', 45)","('S', 46)","('S', 47)","('S', 48)",,,,,,,,,,,,,,,,,,,,,,,,,,,,,"('G', 74)",,,,,,,"('G', 117)",,,,,,,,,,,,,,
89,,,,,,,,,,,,"('r', 16)","('r', 16)","('r', 16)","('r', 16)","('r', 16)","('r', 16)","('r', 16)","('r', 16)","('r', 16)","('r', 16)","('r', 16)","('r', 16)","('r', 16)","('r', 16)",,,,,,,,,,,,,,,,,,,,,,,,,,,,,,,,,,,,,,,,,,,,,,,,,,
90,,,,,,,,,,,,"('S', 118)",,,,,,,,,,,,,,,,,,,,,,,,,,,,,,,,,,,,,,,,,,,,,,,,,,,,,,,,,,,,,,,
91,,,,,,,,,,,,"('r', 18)","('r', 18)","('r', 18)","('r', 18)","('r', 18)","('r', 18)","('r', 18)","('r', 18)","('r', 18)","('r', 18)","('r', 18)","('r', 18)","('r', 18)","('r', 18)",,,,,,,,,,,,,,,,,,,,,,,,,,,,,,,,,,,,,,,,,,,,,,,,,,
92,,,,,,,,,,,,,,,,,,,,,,,,,,,,,,,,,,,"('S', 119)",,,,,,,,,,,,,,,,,,,,,,,,,,,,,,,,,,,,,,,,
93,"('S', 5)","('S', 6)","('S', 7)","('S', 8)","('S', 9)","('r', 45)","('S', 97)",,,,,,,,,,,,,,,,,,,,,,,,,,,"('S', 108)","('r', 66)","('S', 99)","('S', 100)","('S', 101)","('S', 103)",,"('S', 105)","('S', 106)",,,,,,"('G', 110)","('G', 109)",,,,,,,"('G', 96)",,"('G', 95)",,,,,,,,,,,"('G', 107)","('G', 120)","('G', 93)","('G', 94)","('G', 98)","('G', 102)","('G', 104)"
94,"('r', 67)","('r', 67)","('r', 67)","('r', 67)","('r', 67)","('r', 67)","('r', 67)",,,,,,,,,,,,,,,,,,,,,,,,,,,"('r', 67)","('r', 67)","('r', 67)","('r', 67)","('r', 67)","('r', 67)",,"('r', 67)","('r', 67)",,,,,,,,,,,,,,,,,,,,,,,,,,,,,,,,,
95,,,,,,"('S', 121)",,,,,,,,,,,,,,,,,,,,,,,,,,,,,,,,,,,,,,,,,,,,,,,,,,,,,,,,,,,,,,,,,,,,,
96,,,,,,"('r', 43)",,,"('S', 123)",,,,,,,,,,,,,,,,,,,,,,,,,,,,,,,,,,,,,,,,,,,,,,,,"('G', 122)",,,,,,,,,,,,,,,,,,
97,,,,,,,,"('S', 125)",,,,,,,,,,,,,,,,,,"('S', 126)","('S', 127)","('S', 128)","('S', 129)","('S', 130)","('S', 131)","('S', 132)","('S', 133)",,,,,,,,,,,,,,,,,,,,,,"('G', 124)",,,,,,,,,,,,,,,,,,,,
98,"('r', 68)","('r', 68)","('r', 68)","('r', 68)","('r', 68)","('r', 68)","('r', 68)",,,,,,,,,,,,,,,,,,,,,,,,,,,"('r', 68)","('r', 68)","('r', 68)","('r', 68)","('r', 68)","('r', 68)",,"('r', 68)","('r', 68)",,,,,,,,,,,,,,,,,,,,,,,,,,,,,,,,,
99,,,,,,"('S', 134)",,,,,,,,,,,,,,,,,,,,,,,,,,,,,,,,,,,,,,,,,,,,,,,,,,,,,,,,,,,,,,,,,,,,,
100,,,,,,"('S', 135)",,,,,,,,,,,,,,,,,,,,,,,,,,,,,,,,,,,,,,,,,,,,,,,,,,,,,,,,,,,,,,,,,,,,,
101,,,,,,"('S', 143)","('S', 139)",,,"('S', 140)","('S', 141)",,,,,,,,,,,,,,,,,,,,,,,,,,,,,,,,,,,,,,,,,,"('G', 138)",,,,,,"('G', 136)","('G', 137)",,"('G', 142)",,,,,,,,,,,,,
102,"('r', 69)","('r', 69)","('r', 69)","('r', 69)","('r', 69)","('r', 69)","('r', 69)",,,,,,,,,,,,,,,,,,,,,,,,,,,"('r', 69)","('r', 69)","('r', 69)","('r', 69)","('r', 69)","('r', 69)",,"('r', 69)","('r', 69)",,,,,,,,,,,,,,,,,,,,,,,,,,,,,,,,,
103,,,,,,,,,,,"('S', 144)",,,,,,,,,,,,,,,,,,,,,,,,,,,,,,,,,,,,,,,,,,,,,,,,,,,,,,,,,,,,,,,,
104,"('r', 70)","('r', 70)","('r', 70)","('r', 70)","('r', 70)","('r', 70)","('r', 70)",,,,,,,,,,,,,,,,,,,,,,,,,,,"('r', 70)","('r', 70)","('r', 70)","('r', 70)","('r', 70)","('r', 70)",,"('r', 70)","('r', 70)",,,,,,,,,,,,,,,,,,,,,,,,,,,,,,,,,
105,,,,,,,,,,,"('S', 145)",,,,,,,,,,,,,,,,,,,,,,,,,,,,,,,,,,,,,,,,,,,,,,,,,,,,,,,,,,,,,,,,
106,,,,,,,,,,,"('S', 146)",,,,,,,,,,,,,,,,,,,,,,,,,,,,,,,,,,,,,,,,,,,,,,,,,,,,,,,,,,,,,,,,
107,"('r', 71)","('r', 71)","('r', 71)","('r', 71)","('r', 71)","('r', 71)","('r', 71)",,,,,,,,,,,,,,,,,,,,,,,,,,,"('r', 71)","('r', 71)","('r', 71)","('r', 71)","('r', 71)","('r', 71)",,"('r', 71)","('r', 71)",,,,,,,,,,,,,,,,,,,,,,,,,,,,,,,,,
108,"('S', 5)","('S', 6)","('S', 7)","('S', 8)","('S', 9)","('r', 45)","('S', 97)",,,,,,,,,,,,,,,,,,,,,,,,,,,"('S', 108)","('r', 66)","('S', 99)","('S', 100)","('S', 101)","('S', 103)",,"('S', 105)","('S', 106)",,,,,,"('G', 110)","('G', 109)",,,,,,,"('G', 96)",,"('G', 95)",,,,,,,,,,,"('G', 107)","('G', 147)","('G', 93)","('G', 94)","('G', 98)","('G', 102)","('G', 104)"
109,"('r', 72)","('r', 72)","('r', 72)","('r', 72)","('r', 72)","('r', 72)","('r', 72)",,,,,,,,,,,,,,,,,,,,,,,,,,,"('r', 72)","('r', 72)","('r', 72)","('r', 72)","('r', 72)","('r', 72)",,"('r', 72)","('r', 72)",,,,,,,,,,,,,,,,,,,,,,,,,,,,,,,,,
110,,,,,,,"('S', 21)",,,,,,,,,,,,,,,,,,,,,,,,,,,,,,,,,,,,,,,,,,,"('G', 148)",,,,,,,,,,,,,,,,,,,,,,,,,
111,,,,,,,,,,,,"('r', 60)",,,,,,,,,,,,,,,,,,,,,,,,,,,,,,,,,,,,,,,,,,,,,,,,,,,,,,,,,,,,,,,
112,,,,,,,,,"('S', 83)",,,"('r', 53)",,,,,,,,,,,,,,,,,,,,,,,,,,,,,,,,,,,,,,,,,,,,,,,,,,,"('G', 149)",,,,,,,,,,,,
113,,,,,,,,,"('r', 50)",,,"('r', 50)","('S', 36)","('S', 37)","('S', 38)","('S', 39)","('S', 40)","('S', 41)","('S', 42)","('S', 43)","('S', 44)","('S', 45)","('S', 46)","('S', 47)","('S', 48)",,,,,,,,,,,,,,,,,,,,,,,,,,,,,"('G', 85)",,,,,,,"('G', 150)",,,,,,,,,,,,,,
114,,,,,,,,,"('r', 16)",,,"('r', 16)","('r', 16)","('r', 16)","('r', 16)","('r', 16)","('r', 16)","('r', 16)","('r', 16)","('r', 16)","('r', 16)","('r', 16)","('r', 16)","('r', 16)","('r', 16)",,,,,,,,,,,,,,,,,,,,,,,,,,,,,,,,,,,,,,,,,,,,,,,,,,
115,,,,,,,,,,,,"('S', 151)",,,,,,,,,,,,,,,,,,,,,,,,,,,,,,,,,,,,,,,,,,,,,,,,,,,,,,,,,,,,,,,
116,,,,,,,,,"('r', 18)",,,"('r', 18)","('r', 18)","('r', 18)","('r', 18)","('r', 18)","('r', 18)","('r', 18)","('r', 18)","('r', 18)","('r', 18)","('r', 18)","('r', 18)","('r', 18)","('r', 18)",,,,,,,,,,,,,,,,,,,,,,,,,,,,,,,,,,,,,,,,,,,,,,,,,,
117,,,,,,,,,,,,"('r', 49)",,,,,,,,,,,,,,,,,,,,,,,,,,,,,,,,,,,,,,,,,,,,,,,,,,,,,,,,,,,,,,,
118,,,,,,,,,,,,"('r', 51)",,,,,,,,,,,,,,,,,,,,,,,,,,,,,,,,,,,,,,,,,,,,,,,,,,,,,,,,,,,,,,,
119,"('r', 64)","('r', 64)","('r', 64)","('r', 64)","('r', 64)",,"('r', 64)",,,,,,,,,,,,,,,,,,,,,,,,,,,,,,,,,,,,"('r', 64)",,,,,,,,,,,,,,,,,,,,,,,,,,,,,,,,
120,,,,,,,,,,,,,,,,,,,,,,,,,,,,,,,,,,,"('r', 65)",,,,,,,,,,,,,,,,,,,,,,,,,,,,,,,,,,,,,,,,
121,"('r', 73)","('r', 73)","('r', 73)","('r', 73)","('r', 73)","('r', 73)","('r', 73)",,,,,,,,,,,,,,,,,,,,,,,,,,,"('r', 73)","('r', 73)","('r', 73)","('r', 73)","('r', 73)","('r', 73)",,"('r', 73)","('r', 73)",,,,,,,,,,,,,,,,,,,,,,,,,,,,,,,,,
122,,,,,,"('r', 44)",,,,,,,,,,,,,,,,,,,,,,,,,,,,,,,,,,,,,,,,,,,,,,,,,,,,,,,,,,,,,,,,,,,,,
123,,,,,,,"('S', 97)",,,,,,,,,,,,,,,,,,,,,,,,,,,,,,,,,,,,,,,,,,,,,,,,,"('G', 152)",,,,,,,,,,,,,,,,,,,
124,,,,,,,"('S', 25)",,,"('S', 26)","('S', 27)",,,,,,,,,,,,,,,,,,,,,,,,,,,,,,,,,,,,,,,,,,"('G', 24)",,,,,,"('G', 153)","('G', 23)",,"('G', 28)",,,,,,,,,,,,,
125,,,,,,,"('r', 32)",,,"('r', 32)","('r', 32)",,,,,,,,,,,,,,,,,,,,,,,,,,,,,,,,,,,,,,,,,,,,,,,,,,,,,,,,,,,,,,,,
126,,,,,,,"('r', 33)",,,"('r', 33)","('r', 33)",,,,,,,,,,,,,,,,,,,,,,,,,,,,,,,,,,,,,,,,,,,,,,,,,,,,,,,,,,,,,,,,
127,,,,,,,"('r', 34)",,,"('r', 34)","('r', 34)",,,,,,,,,,,,,,,,,,,,,,,,,,,,,,,,,,,,,,,,,,,,,,,,,,,,,,,,,,,,,,,,
128,,,,,,,"('r', 35)",,,"('r', 35)","('r', 35)",,,,,,,,,,,,,,,,,,,,,,,,,,,,,,,,,,,,,,,,,,,,,,,,,,,,,,,,,,,,,,,,
129,,,,,,,"('r', 36)",,,"('r', 36)","('r', 36)",,,,,,,,,,,,,,,,,,,,,,,,,,,,,,,,,,,,,,,,,,,,,,,,,,,,,,,,,,,,,,,,
130,,,,,,,"('r', 37)",,,"('r', 37)","('r', 37)",,,,,,,,,,,,,,,,,,,,,,,,,,,,,,,,,,,,,,,,,,,,,,,,,,,,,,,,,,,,,,,,
131,,,,,,,"('r', 38)",,,"('r', 38)","('r', 38)",,,,,,,,,,,,,,,,,,,,,,,,,,,,,,,,,,,,,,,,,,,,,,,,,,,,,,,,,,,,,,,,
132,,,,,,,"('r', 39)",,,"('r', 39)","('r', 39)",,,,,,,,,,,,,,,,,,,,,,,,,,,,,,,,,,,,,,,,,,,,,,,,,,,,,,,,,,,,,,,,
133,,,,,,,"('r', 40)",,,"('r', 40)","('r', 40)",,,,,,,,,,,,,,,,,,,,,,,,,,,,,,,,,,,,,,,,,,,,,,,,,,,,,,,,,,,,,,,,
134,"('r', 74)","('r', 74)","('r', 74)","('r', 74)","('r', 74)","('r', 74)","('r', 74)",,,,,,,,,,,,,,,,,,,,,,,,,,,"('r', 74)","('r', 74)","('r', 74)","('r', 74)","('r', 74)","('r', 74)",,"('r', 74)","('r', 74)",,,,,,,,,,,,,,,,,,,,,,,,,,,,,,,,,
135,"('r', 75)","('r', 75)","('r', 75)","('r', 75)","('r', 75)","('r', 75)","('r', 75)",,,,,,,,,,,,,,,,,,,,,,,,,,,"('r', 75)","('r', 75)","('r', 75)","('r', 75)","('r', 75)","('r', 75)",,"('r', 75)","('r', 75)",,,,,,,,,,,,,,,,,,,,,,,,,,,,,,,,,
136,,,,,,"('S', 154)",,,,,,,,,,,,,,,,,,,,,,,,,,,,,,,,,,,,,,,,,,,,,,,,,,,,,,,,,,,,,,,,,,,,,
137,,,,,,"('r', 46)",,,,,,,,,,,,,,,,,,,,,,,,,,,,,,,,,,,,,,,,,,,,,,,,,,,,,,,,,,,,,,,,,,,,,
138,,,,,,"('r', 50)",,,,,,,"('S', 36)","('S', 37)","('S', 38)","('S', 39)","('S', 40)","('S', 41)","('S', 42)","('S', 43)","('S', 44)","('S', 45)","('S', 46)","('S', 47)","('S', 48)",,,,,,,,,,,,,,,,,,,,,,,,,,,,,"('G', 156)",,,,,,,"('G', 155)",,,,,,,,,,,,,,
139,,,,,,"('r', 16)",,,,,"('S', 157)",,"('r', 16)","('r', 16)","('r', 16)","('r', 16)","('r', 16)","('r', 16)","('r', 16)","('r', 16)","('r', 16)","('r', 16)","('r', 16)","('r', 16)","('r', 16)",,,,,,,,,,,,,,,,,,,,,,,,,,,,,,,,,,,,,,,,,,,,,,,,,,
140,,,,,,"('r', 17)",,,,,,,"('r', 17)","('r', 17)","('r', 17)","('r', 17)","('r', 17)","('r', 17)","('r', 17)","('r', 17)","('r', 17)","('r', 17)","('r', 17)","('r', 17)","('r', 17)",,,,,,,,,,,,,,,,,,,,,,,,,,,,,,,,,,,,,,,,,,,,,,,,,,
141,,,,,,,"('S', 53)",,,"('S', 54)","('S', 55)",,,,,,,,,,,,,,,,,,,,,,,,,,,,,,,,,,,,,,,,,,"('G', 52)",,,,,,"('G', 158)","('G', 51)",,"('G', 56)",,,,,,,,,,,,,
142,,,,,,"('r', 47)",,,,,,,,,,,,,,,,,,,,,,,,,,,,,,,,,,,,,,,,,,,,,,,,,,,,,,,,,,,,,,,,,,,,,
143,"('r', 77)","('r', 77)","('r', 77)","('r', 77)","('r', 77)","('r', 77)","('r', 77)",,,,,,,,,,,,,,,,,,,,,,,,,,,"('r', 77)","('r', 77)","('r', 77)","('r', 77)","('r', 77)","('r', 77)",,"('r', 77)","('r', 77)",,,,,,,,,,,,,,,,,,,,,,,,,,,,,,,,,
144,,,,,,,"('S', 53)",,,"('S', 54)","('S', 55)",,,,,,,,,,,,,,,,,,,,,,,,,,,,,,,,,,,,,,,,,,"('G', 52)",,,,,,"('G', 159)","('G', 51)",,"('G', 56)",,,,,,,,,,,,,
145,,,,,,,"('S', 53)",,,"('S', 54)","('S', 55)",,,,,,,,,,,,,,,,,,,,,,,,,,,,,,,,,,,,,,,,,,"('G', 52)",,,,,,"('G', 160)","('G', 51)",,"('G', 56)",,,,,,,,,,,,,
146,"('S', 5)","('S', 6)","('S', 7)","('S', 8)","('S', 9)",,,,,,,,,,,,,,,,,,,,,,,,,,,,,,,,,,,,,,,,,,,"('G', 162)","('G', 161)",,,,,,,,,,,,,,,,,,,,,,,,,,
147,,,,,,,,,,,,,,,,,,,,,,,,,,,,,,,,,,,"('S', 163)",,,,,,,,,,,,,,,,,,,,,,,,,,,,,,,,,,,,,,,,
148,,,,,,"('r', 15)",,,"('S', 15)",,,,,,,,,,,,,,,,,,,,,,,,,,,,,,,,,,,,,,,,,,,"('G', 164)",,,,,,,,,,,,,,,,,,,,,,,
149,,,,,,,,,,,,"('r', 52)",,,,,,,,,,,,,,,,,,,,,,,,,,,,,,,,,,,,,,,,,,,,,,,,,,,,,,,,,,,,,,,
150,,,,,,,,,"('r', 49)",,,"('r', 49)",,,,,,,,,,,,,,,,,,,,,,,,,,,,,,,,,,,,,,,,,,,,,,,,,,,,,,,,,,,,,,,
151,,,,,,,,,"('r', 51)",,,"('r', 51)",,,,,,,,,,,,,,,,,,,,,,,,,,,,,,,,,,,,,,,,,,,,,,,,,,,,,,,,,,,,,,,
152,,,,,,"('r', 43)",,,"('S', 123)",,,,,,,,,,,,,,,,,,,,,,,,,,,,,,,,,,,,,,,,,,,,,,,,"('G', 165)",,,,,,,,,,,,,,,,,,
153,,,,,,"('r', 41)",,,"('r', 41)",,,,,,,,,,,,,,,,,,,,,,,,,,,,,,,,,,,,,,,,,,,,,,,,,,,,,,,,,,,,,,,,,,
154,"('r', 76)","('r', 76)","('r', 76)","('r', 76)","('r', 76)","('r', 76)","('r', 76)",,,,,,,,,,,,,,,,,,,,,,,,,,,"('r', 76)","('r', 76)","('r', 76)","('r', 76)","('r', 76)","('r', 76)",,"('r', 76)","('r', 76)",,,,,,,,,,,,,,,,,,,,,,,,,,,,,,,,,
155,,,,,,"('r', 48)",,,,,,,,,,,,,,,,,,,,,,,,,,,,,,,,,,,,,,,,,,,,,,,,,,,,,,,,,,,,,,,,,,,,,
156,,,,,,,"('S', 167)",,,"('S', 140)","('S', 141)",,,,,,,,,,,,,,,,,,,,,,,,,,,,,,,,,,,,,,,,,,"('G', 166)",,,,,,,,,,,,,,,,,,,,,,
157,,,,,,,"('S', 68)",,,"('S', 69)","('S', 70)","('r', 55)",,,,,,,,,,,,,,,,,,,,,,,,,,,,,,,,,,,,,,,,,"('G', 67)",,,,,,"('G', 65)","('G', 66)",,"('G', 71)",,"('G', 168)",,,,,,,,,,,
158,,,,,,,,,,,,"('S', 169)",,,,,,,,,,,,,,,,,,,,,,,,,,,,,,,,,,,,,,,,,,,,,,,,,,,,,,,,,,,,,,,
159,,,,,,,,,,,,"('S', 170)",,,,,,,,,,,,,,,,,,,,,,,,,,,,,,,,,,,,,,,,,,,,,,,,,,,,,,,,,,,,,,,
160,,,,,,,,,,,,"('S', 171)",,,,,,,,,,,,,,,,,,,,,,,,,,,,,,,,,,,,,,,,,,,,,,,,,,,,,,,,,,,,,,,
161,,,,,,,"('S', 139)",,,"('S', 140)","('S', 141)",,,,,,,,,,,,,,,,,,,,,,,,,,,,,,,,,,,,,,,,,,"('G', 138)",,,,,,"('G', 172)","('G', 137)",,"('G', 142)",,,,,,,,,,,,,
162,,,,,,,"('S', 21)",,,,,,,,,,,,,,,,,,,,,,,,,,,,,,,,,,,,,,,,,,,"('G', 173)",,,,,,,,,,,,,,,,,,,,,,,,,
163,"('r', 64)","('r', 64)","('r', 64)","('r', 64)","('r', 64)","('r', 64)","('r', 64)",,,,,,,,,,,,,,,,,,,,,,,,,,,"('r', 64)","('r', 64)","('r', 64)","('r', 64)","('r', 64)","('r', 64)",,"('r', 64)","('r', 64)",,,,,,,,,,,,,,,,,,,,,,,,,,,,,,,,,
164,,,,,,"('S', 174)",,,,,,,,,,,,,,,,,,,,,,,,,,,,,,,,,,,,,,,,,,,,,,,,,,,,,,,,,,,,,,,,,,,,,
165,,,,,,"('r', 42)",,,,,,,,,,,,,,,,,,,,,,,,,,,,,,,,,,,,,,,,,,,,,,,,,,,,,,,,,,,,,,,,,,,,,
166,,,,,,"('r', 50)",,,,,,,"('S', 36)","('S', 37)","('S', 38)","('S', 39)","('S', 40)","('S', 41)","('S', 42)","('S', 43)","('S', 44)","('S', 45)","('S', 46)","('S', 47)","('S', 48)",,,,,,,,,,,,,,,,,,,,,,,,,,,,,"('G', 156)",,,,,,,"('G', 175)",,,,,,,,,,,,,,
167,,,,,,"('r', 16)",,,,,,,"('r', 16)","('r', 16)","('r', 16)","('r', 16)","('r', 16)","('r', 16)","('r', 16)","('r', 16)","('r', 16)","('r', 16)","('r', 16)","('r', 16)","('r', 16)",,,,,,,,,,,,,,,,,,,,,,,,,,,,,,,,,,,,,,,,,,,,,,,,,,
168,,,,,,,,,,,,"('S', 176)",,,,,,,,,,,,,,,,,,,,,,,,,,,,,,,,,,,,,,,,,,,,,,,,,,,,,,,,,,,,,,,
169,,,,,,"('r', 18)",,,,,,,"('r', 18)","('r', 18)","('r', 18)","('r', 18)","('r', 18)","('r', 18)","('r', 18)","('r', 18)","('r', 18)","('r', 18)","('r', 18)","('r', 18)","('r', 18)",,,,,,,,,,,,,,,,,,,,,,,,,,,,,,,,,,,,,,,,,,,,,,,,,,
170,"('S', 5)","('S', 6)","('S', 7)","('S', 8)","('S', 9)","('r', 45)","('S', 97)",,,,,,,,,,,,,,,,,,,,,,,,,,,"('S', 190)",,"('S', 181)","('S', 182)","('S', 183)","('S', 185)",,"('S', 187)","('S', 188)",,,,,,"('G', 192)","('G', 191)",,,,,,,"('G', 96)",,"('G', 179)",,,,,,,,,,,"('G', 189)",,"('G', 177)","('G', 178)","('G', 180)","('G', 184)","('G', 186)"
171,"('S', 5)","('S', 6)","('S', 7)","('S', 8)","('S', 9)","('r', 45)","('S', 97)",,,,,,,,,,,,,,,,,,,,,,,,,,,"('S', 108)",,"('S', 99)","('S', 100)","('S', 101)","('S', 103)",,"('S', 105)","('S', 106)",,,,,,"('G', 110)","('G', 109)",,,,,,,"('G', 96)",,"('G', 95)",,,,,,,,,,,"('G', 107)",,"('G', 193)","('G', 94)","('G', 98)","('G', 102)","('G', 104)"
172,,,,,,"('S', 194)",,,,,,,,,,,,,,,,,,,,,,,,,,,,,,,,,,,,,,,,,,,,,,,,,,,,,,,,,,,,,,,,,,,,,
173,,,,,,"('r', 15)",,,"('S', 15)",,,,,,,,,,,,,,,,,,,,,,,,,,,,,,,,,,,,,,,,,,,"('G', 195)",,,,,,,,,,,,,,,,,,,,,,,
174,"('r', 10)","('r', 10)","('r', 10)","('r', 10)","('r', 10)","('r', 10)","('r', 10)",,,,,,,,,,,,,,,,,,,,,,,,,,,"('r', 10)","('r', 10)","('r', 10)","('r', 10)","('r', 10)","('r', 10)",,"('r', 10)","('r', 10)",,,,,,,,,,,,,,,,,,,,,,,,,,,,,,,,,
175,,,,,,"('r', 49)",,,,,,,,,,,,,,,,,,,,,,,,,,,,,,,,,,,,,,,,,,,,,,,,,,,,,,,,,,,,,,,,,,,,,
176,,,,,,"('r', 51)",,,,,,,,,,,,,,,,,,,,,,,,,,,,,,,,,,,,,,,,,,,,,,,,,,,,,,,,,,,,,,,,,,,,,
177,,,,,,,,,,,,,,,,,,,,,,,,,,,,,,,,,,,,,,,,"('S', 196)",,,,,,,,,,,,,,,,,,,,,,,,,,,,,,,,,,,
178,,,,,,,,,,,,,,,,,,,,,,,,,,,,,,,,,,,,,,,,"('r', 67)",,,,,,,,,,,,,,,,,,,,,,,,,,,,,,,,,,,
179,,,,,,"('S', 197)",,,,,,,,,,,,,,,,,,,,,,,,,,,,,,,,,,,,,,,,,,,,,,,,,,,,,,,,,,,,,,,,,,,,,
180,,,,,,,,,,,,,,,,,,,,,,,,,,,,,,,,,,,,,,,,"('r', 68)",,,,,,,,,,,,,,,,,,,,,,,,,,,,,,,,,,,
181,,,,,,"('S', 198)",,,,,,,,,,,,,,,,,,,,,,,,,,,,,,,,,,,,,,,,,,,,,,,,,,,,,,,,,,,,,,,,,,,,,
182,,,,,,"('S', 199)",,,,,,,,,,,,,,,,,,,,,,,,,,,,,,,,,,,,,,,,,,,,,,,,,,,,,,,,,,,,,,,,,,,,,
183,,,,,,"('S', 201)","('S', 139)",,,"('S', 140)","('S', 141)",,,,,,,,,,,,,,,,,,,,,,,,,,,,,,,,,,,,,,,,,,"('G', 138)",,,,,,"('G', 200)","('G', 137)",,"('G', 142)",,,,,,,,,,,,,
184,,,,,,,,,,,,,,,,,,,,,,,,,,,,,,,,,,,,,,,,"('r', 69)",,,,,,,,,,,,,,,,,,,,,,,,,,,,,,,,,,,
185,,,,,,,,,,,"('S', 202)",,,,,,,,,,,,,,,,,,,,,,,,,,,,,,,,,,,,,,,,,,,,,,,,,,,,,,,,,,,,,,,,
186,,,,,,,,,,,,,,,,,,,,,,,,,,,,,,,,,,,,,,,,"('r', 70)",,,,,,,,,,,,,,,,,,,,,,,,,,,,,,,,,,,
187,,,,,,,,,,,"('S', 203)",,,,,,,,,,,,,,,,,,,,,,,,,,,,,,,,,,,,,,,,,,,,,,,,,,,,,,,,,,,,,,,,
188,,,,,,,,,,,"('S', 204)",,,,,,,,,,,,,,,,,,,,,,,,,,,,,,,,,,,,,,,,,,,,,,,,,,,,,,,,,,,,,,,,
189,,,,,,,,,,,,,,,,,,,,,,,,,,,,,,,,,,,,,,,,"('r', 71)",,,,,,,,,,,,,,,,,,,,,,,,,,,,,,,,,,,
190,"('S', 5)","('S', 6)","('S', 7)","('S', 8)","('S', 9)","('r', 45)","('S', 97)",,,,,,,,,,,,,,,,,,,,,,,,,,,"('S', 108)","('r', 66)","('S', 99)","('S', 100)","('S', 101)","('S', 103)",,"('S', 105)","('S', 106)",,,,,,"('G', 110)","('G', 109)",,,,,,,"('G', 96)",,"('G', 95)",,,,,,,,,,,"('G', 107)","('G', 205)","('G', 93)","('G', 94)","('G', 98)","('G', 102)","('G', 104)"
191,,,,,,,,,,,,,,,,,,,,,,,,,,,,,,,,,,,,,,,,"('r', 72)",,,,,,,,,,,,,,,,,,,,,,,,,,,,,,,,,,,
192,,,,,,,"('S', 21)",,,,,,,,,,,,,,,,,,,,,,,,,,,,,,,,,,,,,,,,,,,"('G', 206)",,,,,,,,,,,,,,,,,,,,,,,,,
193,"('r', 79)","('r', 79)","('r', 79)","('r', 79)","('r', 79)","('r', 79)","('r', 79)",,,,,,,,,,,,,,,,,,,,,,,,,,,"('r', 79)","('r', 79)","('r', 79)","('r', 79)","('r', 79)","('r', 79)",,"('r', 79)","('r', 79)",,,,,,,,,,,,,,,,,,,,,,,,,,,,,,,,,
194,,,,,,,"('S', 208)",,,,,,,,,,,,,,,,,,,,,,,,,,,,,,,,,,,,,,,,,,,,,,,,,"('G', 207)",,,,,,,,,,,,,,,,,,,
195,,,,,,"('S', 209)",,,,,,,,,,,,,,,,,,,,,,,,,,,,,,,,,,,,,,,,,,,,,,,,,,,,,,,,,,,,,,,,,,,,,
196,"('S', 5)","('S', 6)","('S', 7)","('S', 8)","('S', 9)","('r', 45)","('S', 97)",,,,,,,,,,,,,,,,,,,,,,,,,,,"('S', 108)",,"('S', 99)","('S', 100)","('S', 101)","('S', 103)",,"('S', 105)","('S', 106)",,,,,,"('G', 110)","('G', 109)",,,,,,,"('G', 96)",,"('G', 95)",,,,,,,,,,,"('G', 107)",,"('G', 210)","('G', 94)","('G', 98)","('G', 102)","('G', 104)"
197,,,,,,,,,,,,,,,,,,,,,,,,,,,,,,,,,,,,,,,,"('r', 73)",,,,,,,,,,,,,,,,,,,,,,,,,,,,,,,,,,,
198,,,,,,,,,,,,,,,,,,,,,,,,,,,,,,,,,,,,,,,,"('r', 74)",,,,,,,,,,,,,,,,,,,,,,,,,,,,,,,,,,,
199,,,,,,,,,,,,,,,,,,,,,,,,,,,,,,,,,,,,,,,,"('r', 75)",,,,,,,,,,,,,,,,,,,,,,,,,,,,,,,,,,,
200,,,,,,"('S', 211)",,,,,,,,,,,,,,,,,,,,,,,,,,,,,,,,,,,,,,,,,,,,,,,,,,,,,,,,,,,,,,,,,,,,,
201,,,,,,,,,,,,,,,,,,,,,,,,,,,,,,,,,,,,,,,,"('r', 77)",,,,,,,,,,,,,,,,,,,,,,,,,,,,,,,,,,,
202,,,,,,,"('S', 53)",,,"('S', 54)","('S', 55)",,,,,,,,,,,,,,,,,,,,,,,,,,,,,,,,,,,,,,,,,,"('G', 52)",,,,,,"('G', 212)","('G', 51)",,"('G', 56)",,,,,,,,,,,,,
203,,,,,,,"('S', 53)",,,"('S', 54)","('S', 55)",,,,,,,,,,,,,,,,,,,,,,,,,,,,,,,,,,,,,,,,,,"('G', 52)",,,,,,"('G', 213)","('G', 51)",,"('G', 56)",,,,,,,,,,,,,
204,"('S', 5)","('S', 6)","('S', 7)","('S', 8)","('S', 9)",,,,,,,,,,,,,,,,,,,,,,,,,,,,,,,,,,,,,,,,,,,"('G', 162)","('G', 214)",,,,,,,,,,,,,,,,,,,,,,,,,,
205,,,,,,,,,,,,,,,,,,,,,,,,,,,,,,,,,,,"('S', 215)",,,,,,,,,,,,,,,,,,,,,,,,,,,,,,,,,,,,,,,,
206,,,,,,"('r', 15)",,,"('S', 15)",,,,,,,,,,,,,,,,,,,,,,,,,,,,,,,,,,,,,,,,,,,"('G', 216)",,,,,,,,,,,,,,,,,,,,,,,
207,,,,,,,,,,,,"('S', 217)",,,,,,,,,,,,,,,,,,,,,,,,,,,,,,,,,,,,,,,,,,,,,,,,,,,,,,,,,,,,,,,
208,,,,,,,,"('S', 125)",,,,,,,,,,,,,,,,,,"('S', 126)","('S', 127)","('S', 128)","('S', 129)","('S', 130)","('S', 131)","('S', 132)","('S', 133)",,,,,,,,,,,,,,,,,,,,,,"('G', 218)",,,,,,,,,,,,,,,,,,,,
209,,,,,,,"('r', 10)",,,"('r', 10)","('r', 10)",,,,,,,,,,,,,,,,,,,,,,,,,,,,,,,,,,,,,,,,,,,,,,,,,,,,,,,,,,,,,,,,
210,"('r', 78)","('r', 78)","('r', 78)","('r', 78)","('r', 78)","('r', 78)","('r', 78)",,,,,,,,,,,,,,,,,,,,,,,,,,,"('r', 78)","('r', 78)","('r', 78)","('r', 78)","('r', 78)","('r', 78)",,"('r', 78)","('r', 78)",,,,,,,,,,,,,,,,,,,,,,,,,,,,,,,,,
211,,,,,,,,,,,,,,,,,,,,,,,,,,,,,,,,,,,,,,,,"('r', 76)",,,,,,,,,,,,,,,,,,,,,,,,,,,,,,,,,,,
212,,,,,,,,,,,,"('S', 219)",,,,,,,,,,,,,,,,,,,,,,,,,,,,,,,,,,,,,,,,,,,,,,,,,,,,,,,,,,,,,,,
213,,,,,,,,,,,,"('S', 220)",,,,,,,,,,,,,,,,,,,,,,,,,,,,,,,,,,,,,,,,,,,,,,,,,,,,,,,,,,,,,,,
214,,,,,,,"('S', 139)",,,"('S', 140)","('S', 141)",,,,,,,,,,,,,,,,,,,,,,,,,,,,,,,,,,,,,,,,,,"('G', 138)",,,,,,"('G', 221)","('G', 137)",,"('G', 142)",,,,,,,,,,,,,
215,,,,,,,,,,,,,,,,,,,,,,,,,,,,,,,,,,,,,,,,"('r', 64)",,,,,,,,,,,,,,,,,,,,,,,,,,,,,,,,,,,
216,,,,,,"('S', 222)",,,,,,,,,,,,,,,,,,,,,,,,,,,,,,,,,,,,,,,,,,,,,,,,,,,,,,,,,,,,,,,,,,,,,
217,"('S', 5)","('S', 6)","('S', 7)","('S', 8)","('S', 9)","('r', 45)","('S', 97)",,,,,,,,,,,,,,,,,,,,,,,,,,,"('S', 108)",,"('S', 99)","('S', 100)","('S', 101)","('S', 103)",,"('S', 105)","('S', 106)",,,,,,"('G', 110)","('G', 109)",,,,,,,"('G', 96)",,"('G', 95)",,,,,,,,,,,"('G', 107)",,"('G', 223)","('G', 94)","('G', 98)","('G', 102)","('G', 104)"
218,,,,,,,"('S', 53)",,,"('S', 54)","('S', 55)",,,,,,,,,,,,,,,,,,,,,,,,,,,,,,,,,,,,,,,,,,"('G', 52)",,,,,,"('G', 224)","('G', 51)",,"('G', 56)",,,,,,,,,,,,,
219,"('S', 5)","('S', 6)","('S', 7)","('S', 8)","('S', 9)","('r', 45)","('S', 97)",,,,,,,,,,,,,,,,,,,,,,,,,,,"('S', 190)",,"('S', 181)","('S', 182)","('S', 183)","('S', 185)",,"('S', 187)","('S', 188)",,,,,,"('G', 192)","('G', 191)",,,,,,,"('G', 96)",,"('G', 179)",,,,,,,,,,,"('G', 189)",,"('G', 225)","('G', 178)","('G', 180)","('G', 184)","('G', 186)"
220,"('S', 5)","('S', 6)","('S', 7)","('S', 8)","('S', 9)","('r', 45)","('S', 97)",,,,,,,,,,,,,,,,,,,,,,,,,,,"('S', 190)",,"('S', 181)","('S', 182)","('S', 183)","('S', 185)",,"('S', 187)","('S', 188)",,,,,,"('G', 192)","('G', 191)",,,,,,,"('G', 96)",,"('G', 179)",,,,,,,,,,,"('G', 189)",,"('G', 226)","('G', 178)","('G', 180)","('G', 184)","('G', 186)"
221,,,,,,"('S', 227)",,,,,,,,,,,,,,,,,,,,,,,,,,,,,,,,,,,,,,,,,,,,,,,,,,,,,,,,,,,,,,,,,,,,,
222,,,,,,,,,,,,,,,,,,,,,,,,,,,,,,,,,,,,,,,,"('r', 10)",,,,,,,,,,,,,,,,,,,,,,,,,,,,,,,,,,,
223,"('r', 80)","('r', 80)","('r', 80)","('r', 80)","('r', 80)","('r', 80)","('r', 80)",,,,,,,,,,,,,,,,,,,,,,,,,,,"('r', 80)","('r', 80)","('r', 80)","('r', 80)","('r', 80)","('r', 80)",,"('r', 80)","('r', 80)",,,,,,,,,,,,,,,,,,,,,,,,,,,,,,,,,
224,,,,,,,,,,,,"('r', 41)",,,,,,,,,,,,,,,,,,,,,,,,,,,,,,,,,,,,,,,,,,,,,,,,,,,,,,,,,,,,,,,
225,,,,,,,,,,,,,,,,,,,,,,,,,,,,,,,,,,,,,,,,"('S', 228)",,,,,,,,,,,,,,,,,,,,,,,,,,,,,,,,,,,
226,,,,,,,,,,,,,,,,,,,,,,,,,,,,,,,,,,,,,,,,"('r', 79)",,,,,,,,,,,,,,,,,,,,,,,,,,,,,,,,,,,
227,,,,,,,"('S', 208)",,,,,,,,,,,,,,,,,,,,,,,,,,,,,,,,,,,,,,,,,,,,,,,,,"('G', 229)",,,,,,,,,,,,,,,,,,,
228,"('S', 5)","('S', 6)","('S', 7)","('S', 8)","('S', 9)","('r', 45)","('S', 97)",,,,,,,,,,,,,,,,,,,,,,,,,,,"('S', 190)",,"('S', 181)","('S', 182)","('S', 183)","('S', 185)",,"('S', 187)","('S', 188)",,,,,,"('G', 192)","('G', 191)",,,,,,,"('G', 96)",,"('G', 179)",,,,,,,,,,,"('G', 189)",,"('G', 230)","('G', 178)","('G', 180)","('G', 184)","('G', 186)"
229,,,,,,,,,,,,"('S', 231)",,,,,,,,,,,,,,,,,,,,,,,,,,,,,,,,,,,,,,,,,,,,,,,,,,,,,,,,,,,,,,,
230,,,,,,,,,,,,,,,,,,,,,,,,,,,,,,,,,,,,,,,,"('r', 78)",,,,,,,,,,,,,,,,,,,,,,,,,,,,,,,,,,,
231,"('S', 5)","('S', 6)","('S', 7)","('S', 8)","('S', 9)","('r', 45)","('S', 97)",,,,,,,,,,,,,,,,,,,,,,,,,,,"('S', 190)",,"('S', 181)","('S', 182)","('S', 183)","('S', 185)",,"('S', 187)","('S', 188)",,,,,,"('G', 192)","('G', 191)",,,,,,,"('G', 96)",,"('G', 179)",,,,,,,,,,,"('G', 189)",,"('G', 232)","('G', 178)","('G', 180)","('G', 184)","('G', 186)"
232,,,,,,,,,,,,,,,,,,,,,,,,,,,,,,,,,,,,,,,,"('r', 80)",,,,,,,,,,,,,,,,,,,,,,,,,,,,,,,,,,,
